[{"af":6,"dst_addr":"2620:109:c007:102::5be1:f881","dst_name":"2620:109:c007:102::5be1:f881","endtime":1512431065,"from":"2c0f:feb0:b:1::8","fw":4780,"group_id":10409541,"lts":60,"msm_id":10409541,"msm_name":"Traceroute","paris_id":1,"prb_id":25355,"proto":"ICMP","result":[{"hop":1,"result":[{"from":"2c0f:feb0:b:1::ff7e","rtt":9.591,"size":96,"ttl":64},{"from":"2c0f:feb0:b:1::ff7e","rtt":0.944,"size":96,"ttl":64},{"from":"2c0f:feb0:b:1::ff7e","rtt":0.962,"size":96,"ttl":64}]},{"hop":2,"result":[{"x":"*"},{"x":"*"},{"from":"2c0f:feb0:b::1:1","rtt":1.557,"size":96,"ttl":63}]},{"hop":3,"result":[{"x":"*"},{"x":"*"},{"from":"2c0f:feb0:1:2::de","rtt":19.897,"size":96,"ttl":62}]},{"hop":4,"result":[{"x":"*"},{"x":"*"},{"x":"*"}]},{"hop":5,"result":[{"from":"2c0f:feb0:e::8","rtt":156.098,"size":96,"ttl":60},{"from":"2c0f:feb0:e::8","rtt":156.013,"size":96,"ttl":60},{"from":"2c0f:feb0:e::8","rtt":156.054,"size":96,"ttl":60}]},{"hop":6,"result":[{"from":"2001:7f8:4::3:3ec:1","rtt":162.832,"size":96,"ttl":58},{"from":"2001:7f8:4::3:3ec:1","rtt":162.605,"size":96,"ttl":58},{"from":"2001:7f8:4::3:3ec:1","rtt":162.641,"size":96,"ttl":58}]},{"hop":7,"result":[{"from":"2620:109:c000:47::1","rtt":165.208,"size":96,"ttl":58},{"from":"2620:109:c000:47::1","rtt":165.174,"size":96,"ttl":58},{"from":"2620:109:c000:47::1","rtt":165.174,"size":96,"ttl":58}]},{"hop":8,"result":[{"from":"2620:109:c000:113::2","rtt":181.885,"size":96,"ttl":247},{"from":"2620:109:c000:113::2","rtt":181.7,"size":96,"ttl":247},{"from":"2620:109:c000:113::2","rtt":181.878,"size":96,"ttl":247}]},{"hop":9,"result":[{"from":"2620:109:c007:102::5be1:f881","rtt":180.965,"size":48,"ttl":55},{"from":"2620:109:c007:102::5be1:f881","rtt":180.856,"size":48,"ttl":55},{"from":"2620:109:c007:102::5be1:f881","rtt":180.815,"size":48,"ttl":55}]}],"size":48,"src_addr":"2c0f:feb0:b:1::8","stored_timestamp":1512431102,"timestamp":1512431034,"type":"traceroute"}]