[{"af":6,"dst_addr":"2620:109:c00c:104::b93f:9001","dst_name":"2620:109:c00c:104::b93f:9001","endtime":1512431186,"from":"2800:6f0:0:2:d66e:eff:fe23:2b04","fw":4780,"group_id":10409711,"lts":63,"msm_id":10409711,"msm_name":"Traceroute","paris_id":1,"prb_id":33493,"proto":"ICMP","result":[{"hop":1,"result":[{"from":"2800:6f0:0:2::1997","rtt":1.492,"size":96,"ttl":64},{"from":"2800:6f0:0:2::1997","rtt":3.938,"size":96,"ttl":64},{"from":"2800:6f0:0:2::1997","rtt":0.737,"size":96,"ttl":64}]},{"hop":2,"result":[{"from":"2800:6f0::1993","rtt":0.784,"size":96,"ttl":63},{"from":"2800:6f0::1993","rtt":1.291,"size":96,"ttl":63},{"from":"2800:6f0::1993","rtt":3.352,"size":96,"ttl":63}]},{"hop":3,"result":[{"from":"2001:450:2002:2b9::1","rtt":0.534,"size":96,"ttl":62},{"from":"2001:450:2002:2b9::1","rtt":0.511,"size":96,"ttl":62},{"from":"2001:450:2002:2b9::1","rtt":0.512,"size":96,"ttl":62}]},{"hop":4,"result":[{"from":"2001:450:2001:1000:0:67:1716:8158","rtt":125.953,"size":96,"ttl":61},{"from":"2001:450:2001:1000:0:67:1716:8158","rtt":125.928,"size":96,"ttl":61},{"from":"2001:450:2001:1000:0:67:1716:8158","rtt":125.902,"size":96,"ttl":61}]},{"hop":5,"result":[{"x":"*"},{"x":"*"},{"x":"*"}]},{"hop":6,"result":[{"from":"2001:1900:2::3:96","rtt":208.739,"size":96,"ttl":60},{"from":"2001:1900:2::3:96","rtt":208.705,"size":96,"ttl":60},{"from":"2001:1900:2::3:96","rtt":209.209,"size":96,"ttl":60}]},{"hop":7,"result":[{"from":"2001:1900:5:2:2::3276","rtt":208.467,"size":96,"ttl":59},{"from":"2001:1900:5:2:2::3276","rtt":208.469,"size":96,"ttl":59},{"from":"2001:1900:5:2:2::3276","rtt":208.544,"size":96,"ttl":59}]},{"hop":8,"result":[{"from":"2620:109:c000:12c::2","rtt":209.943,"size":96,"ttl":248},{"from":"2620:109:c000:12c::2","rtt":209.937,"size":96,"ttl":248},{"from":"2620:109:c000:12c::2","rtt":209.251,"size":96,"ttl":248}]},{"hop":9,"result":[{"from":"2620:109:c00c:104::b93f:9001","rtt":224.648,"size":48,"ttl":57},{"from":"2620:109:c00c:104::b93f:9001","rtt":224.596,"size":48,"ttl":57},{"from":"2620:109:c00c:104::b93f:9001","rtt":224.61,"size":48,"ttl":57}]}],"size":48,"src_addr":"2800:6f0:0:2:d66e:eff:fe23:2b04","stored_timestamp":1512431230,"timestamp":1512431171,"type":"traceroute"}]