[{"af":6,"dst_addr":"2a01:578:3::3432:8583","dst_name":"2a01:578:3::3432:8583","endtime":1512431310,"from":"2c0f:f0b8:1200:0:d66e:eff:fe23:58ca","fw":4780,"group_id":10409687,"lts":14,"msm_id":10409687,"msm_name":"Traceroute","paris_id":1,"prb_id":33144,"proto":"ICMP","result":[{"hop":1,"result":[{"from":"2c0f:f0b8:1200::1","rtt":0.749,"size":96,"ttl":255},{"from":"2c0f:f0b8:1200::1","rtt":0.446,"size":96,"ttl":255},{"from":"2c0f:f0b8:1200::1","rtt":0.477,"size":96,"ttl":255}]},{"hop":2,"result":[{"from":"2c0f:f0b8:1600:0:822a:a8ff:fe4d:ac6b","rtt":0.883,"size":96,"ttl":63},{"from":"2c0f:f0b8:1600:0:822a:a8ff:fe4d:ac6b","rtt":0.759,"size":96,"ttl":63},{"from":"2c0f:f0b8:1600:0:822a:a8ff:fe4d:ac6b","rtt":0.753,"size":96,"ttl":63}]},{"hop":3,"result":[{"from":"2c0f:f0b8:0:107::1","rtt":1.29,"size":96,"ttl":62},{"from":"2c0f:f0b8:0:107::1","rtt":1.276,"size":96,"ttl":62},{"from":"2c0f:f0b8:0:107::1","rtt":1.141,"size":96,"ttl":62}]},{"hop":4,"result":[{"from":"2c0f:f0b8:0:101::","rtt":1.532,"size":96,"ttl":61},{"from":"2c0f:f0b8:0:101::","rtt":1.037,"size":96,"ttl":61},{"from":"2c0f:f0b8:0:101::","rtt":1.332,"size":96,"ttl":61}]},{"hop":5,"result":[{"from":"2c0f:f0b8:0:100::4","rtt":1.134,"size":96,"ttl":60},{"from":"2c0f:f0b8:0:100::4","rtt":1.375,"size":96,"ttl":60},{"from":"2c0f:f0b8:0:100::4","rtt":1.362,"size":96,"ttl":60}]},{"hop":6,"result":[{"from":"2a01:410:1:5010::8","rtt":91.027,"size":96,"ttl":59},{"from":"2a01:410:1:5010::8","rtt":2.521,"size":96,"ttl":59},{"from":"2a01:410:1:5010::8","rtt":2.296,"size":96,"ttl":59}]},{"hop":7,"result":[{"from":"2a01:410:1:1::12b","rtt":2.559,"size":96,"ttl":58},{"from":"2a01:410:1:1::12b","rtt":2.432,"size":96,"ttl":58},{"from":"2a01:410:1:1::12b","rtt":2.727,"size":96,"ttl":58}]},{"hop":8,"result":[{"from":"2a01:410:1:1::ba","rtt":6.163,"size":96,"ttl":57},{"from":"2a01:410:1:1::ba","rtt":6.216,"size":96,"ttl":57},{"from":"2a01:410:1:1::ba","rtt":6.045,"size":96,"ttl":57}]},{"hop":9,"result":[{"from":"2a01:410:1:1::134","rtt":21.35,"size":96,"ttl":56},{"from":"2a01:410:1:1::134","rtt":18.809,"size":96,"ttl":56},{"from":"2a01:410:1:1::134","rtt":18.198,"size":96,"ttl":56}]},{"hop":10,"result":[{"from":"2a01:410:0:2::102","ittl":0,"rtt":181.271,"size":96,"ttl":54},{"from":"2a01:410:0:2::102","ittl":0,"rtt":181.354,"size":96,"ttl":54},{"from":"2a01:410:0:2::102","ittl":0,"rtt":181.363,"size":96,"ttl":54}]},{"hop":11,"result":[{"x":"*"},{"x":"*"},{"x":"*"}]},{"hop":12,"result":[{"from":"2001:7f8:1::a501:6509:1","rtt":185.528,"size":96,"ttl":52},{"from":"2001:7f8:1::a501:6509:1","rtt":184.797,"size":96,"ttl":52},{"from":"2001:7f8:1::a501:6509:1","rtt":185.282,"size":96,"ttl":52}]},{"hop":13,"result":[{"x":"*"},{"x":"*"},{"x":"*"}]},{"hop":14,"result":[{"from":"2a01:578:0:ff::9","icmpext":{"obj":[{"class":1,"mpls":[{"exp":0,"label":322576,"s":0,"ttl":1},{"exp":0,"label":2,"s":1,"ttl":2}],"type":1}],"rfc4884":0,"version":2},"ittl":2,"rtt":197.16,"size":144,"ttl":35},{"from":"2a01:578:0:ff::9","icmpext":{"obj":[{"class":1,"mpls":[{"exp":0,"label":322576,"s":0,"ttl":1},{"exp":0,"label":2,"s":1,"ttl":2}],"type":1}],"rfc4884":0,"version":2},"ittl":2,"rtt":561.066,"size":144,"ttl":35},{"from":"2a01:578:0:ff::9","icmpext":{"obj":[{"class":1,"mpls":[{"exp":0,"label":322576,"s":0,"ttl":1},{"exp":0,"label":2,"s":1,"ttl":2}],"type":1}],"rfc4884":0,"version":2},"ittl":2,"rtt":196.637,"size":144,"ttl":35}]},{"hop":15,"result":[{"from":"2a01:578:0:ff::3","icmpext":{"obj":[{"class":1,"mpls":[{"exp":0,"label":510314,"s":0,"ttl":1},{"exp":0,"label":431488,"s":0,"ttl":1},{"exp":0,"label":2,"s":1,"ttl":3}],"type":1}],"rfc4884":0,"version":2},"ittl":3,"rtt":197.2,"size":148,"ttl":34},{"from":"2a01:578:0:ff::3","icmpext":{"obj":[{"class":1,"mpls":[{"exp":0,"label":510314,"s":0,"ttl":1},{"exp":0,"label":431488,"s":0,"ttl":1},{"exp":0,"label":2,"s":1,"ttl":3}],"type":1}],"rfc4884":0,"version":2},"ittl":3,"rtt":198.262,"size":148,"ttl":34},{"from":"2a01:578:0:ff::3","icmpext":{"obj":[{"class":1,"mpls":[{"exp":0,"label":510314,"s":0,"ttl":1},{"exp":0,"label":431488,"s":0,"ttl":1},{"exp":0,"label":2,"s":1,"ttl":3}],"type":1}],"rfc4884":0,"version":2},"ittl":3,"rtt":196.532,"size":148,"ttl":34}]},{"hop":16,"result":[{"x":"*"},{"x":"*"},{"x":"*"}]},{"hop":17,"result":[{"x":"*"},{"x":"*"},{"x":"*"}]},{"hop":18,"result":[{"from":"2a01:578::9","icmpext":{"obj":[{"class":1,"mpls":[{"exp":0,"label":431488,"s":0,"ttl":1},{"exp":0,"label":2,"s":1,"ttl":6}],"type":1}],"rfc4884":0,"version":2},"ittl":6,"rtt":195.461,"size":144,"ttl":37},{"from":"2a01:578::9","icmpext":{"obj":[{"class":1,"mpls":[{"exp":0,"label":431488,"s":0,"ttl":1},{"exp":0,"label":2,"s":1,"ttl":6}],"type":1}],"rfc4884":0,"version":2},"ittl":6,"rtt":198.199,"size":144,"ttl":37},{"from":"2a01:578::9","icmpext":{"obj":[{"class":1,"mpls":[{"exp":0,"label":431488,"s":0,"ttl":1},{"exp":0,"label":2,"s":1,"ttl":6}],"type":1}],"rfc4884":0,"version":2},"ittl":6,"rtt":195.673,"size":144,"ttl":37}]},{"hop":19,"result":[{"x":"*"},{"x":"*"},{"x":"*"}]},{"hop":20,"result":[{"from":"2a01:578:0:10::1e","icmpext":{"obj":[{"class":1,"mpls":[{"exp":0,"label":742133,"s":0,"ttl":1},{"exp":0,"label":2,"s":1,"ttl":8}],"type":1}],"rfc4884":0,"version":2},"ittl":8,"rtt":195.664,"size":144,"ttl":39},{"from":"2a01:578:0:10::1e","icmpext":{"obj":[{"class":1,"mpls":[{"exp":0,"label":742133,"s":0,"ttl":1},{"exp":0,"label":2,"s":1,"ttl":8}],"type":1}],"rfc4884":0,"version":2},"ittl":8,"rtt":195.035,"size":144,"ttl":39},{"from":"2a01:578:0:10::1e","icmpext":{"obj":[{"class":1,"mpls":[{"exp":0,"label":742133,"s":0,"ttl":1},{"exp":0,"label":2,"s":1,"ttl":8}],"type":1}],"rfc4884":0,"version":2},"ittl":8,"rtt":196.225,"size":144,"ttl":39}]},{"hop":21,"result":[{"x":"*"},{"x":"*"},{"x":"*"}]},{"hop":22,"result":[{"from":"2a01:578:0:10::6","rtt":193.883,"size":96,"ttl":42},{"from":"2a01:578:0:10::6","rtt":196.817,"size":96,"ttl":42},{"from":"2a01:578:0:10::6","rtt":193.299,"size":96,"ttl":42}]},{"hop":23,"result":[{"x":"*"},{"x":"*"},{"x":"*"}]},{"hop":24,"result":[{"x":"*"},{"x":"*"},{"x":"*"}]},{"hop":25,"result":[{"x":"*"},{"x":"*"},{"x":"*"}]},{"hop":26,"result":[{"x":"*"},{"x":"*"},{"x":"*"}]},{"hop":27,"result":[{"x":"*"},{"x":"*"},{"x":"*"}]},{"hop":255,"result":[{"from":"2a01:578:3::3432:8583","rtt":193.998,"size":48,"ttl":36},{"from":"2a01:578:3::3432:8583","rtt":193.44,"size":48,"ttl":36},{"from":"2a01:578:3::3432:8583","rtt":193.503,"size":48,"ttl":36}]}],"size":48,"src_addr":"2c0f:f0b8:1200:0:d66e:eff:fe23:58ca","stored_timestamp":1512431328,"timestamp":1512431173,"type":"traceroute"}]