[{"af":6,"dst_addr":"2a00:1450:400e:808::2004","dst_name":"2a00:1450:400e:808::2004","endtime":1512431477,"from":"2801:1a0:5:70:a2f3:c1ff:fec4:3b52","fw":4780,"group_id":10409820,"lts":53,"msm_id":10409820,"msm_name":"Traceroute","paris_id":1,"prb_id":12833,"proto":"ICMP","result":[{"hop":1,"result":[{"from":"2801:1a0:5:70::1","rtt":89.076,"size":96,"ttl":64},{"from":"2801:1a0:5:70::1","rtt":1.007,"size":96,"ttl":64},{"from":"2801:1a0:5:70::1","rtt":1.1,"size":96,"ttl":64}]},{"hop":2,"result":[{"from":"2801:1a0:0:3::1","rtt":0.509,"size":96,"ttl":63},{"from":"2801:1a0:0:3::1","rtt":0.547,"size":96,"ttl":63},{"from":"2801:1a0:0:3::1","rtt":0.539,"size":96,"ttl":63}]},{"hop":3,"result":[{"from":"2801:1a0:0:4::2","rtt":0.773,"size":96,"ttl":62},{"from":"2801:1a0:0:4::2","rtt":0.839,"size":96,"ttl":62},{"from":"2801:1a0:0:4::2","rtt":0.731,"size":96,"ttl":62}]},{"hop":4,"result":[{"from":"2800:490:4000::1","rtt":0.999,"size":96,"ttl":61},{"from":"2800:490:4000::1","rtt":1.094,"size":96,"ttl":61},{"from":"2800:490:4000::1","rtt":0.997,"size":96,"ttl":61}]},{"hop":5,"result":[{"from":"2800:310:400::15","rtt":2.765,"size":96,"ttl":60},{"from":"2800:310:400::15","rtt":3.007,"size":96,"ttl":60},{"from":"2800:310:400::15","rtt":3.006,"size":96,"ttl":60}]},{"hop":6,"result":[{"from":"2001:4860:1:1:0:48f6:0:2","rtt":3.171,"size":96,"ttl":59},{"from":"2001:4860:1:1:0:48f6:0:2","rtt":2.997,"size":96,"ttl":59},{"from":"2001:4860:1:1:0:48f6:0:2","rtt":2.961,"size":96,"ttl":59}]},{"hop":7,"result":[{"from":"2001:4860::4:0:a7d8","icmpext":{"obj":[{"class":1,"mpls":[{"exp":4,"label":633041,"s":0,"ttl":1},{"exp":4,"label":2,"s":1,"ttl":1}],"type":1}],"rfc4884":0,"version":2},"rtt":19.182,"size":144,"ttl":56},{"from":"2001:4860::4:0:a7d8","icmpext":{"obj":[{"class":1,"mpls":[{"exp":4,"label":633041,"s":0,"ttl":1},{"exp":4,"label":2,"s":1,"ttl":1}],"type":1}],"rfc4884":0,"version":2},"rtt":24.829,"size":144,"ttl":58},{"from":"2001:4860::4:0:a7d8","icmpext":{"obj":[{"class":1,"mpls":[{"exp":4,"label":633041,"s":0,"ttl":1},{"exp":4,"label":2,"s":1,"ttl":1}],"type":1}],"rfc4884":0,"version":2},"rtt":19.09,"size":144,"ttl":56}]},{"hop":8,"result":[{"from":"2001:4860::1:0:bf83","rtt":109.568,"size":96,"ttl":57},{"from":"2001:4860::1:0:bf83","rtt":114.243,"size":96,"ttl":57},{"from":"2001:4860::1:0:bf83","rtt":108.412,"size":96,"ttl":57}]},{"hop":9,"result":[{"from":"2001:4860::c:4000:fd87","icmpext":{"obj":[{"class":1,"mpls":[{"exp":4,"label":730962,"s":0,"ttl":1},{"exp":4,"label":2,"s":1,"ttl":1}],"type":1}],"rfc4884":0,"version":2},"rtt":45.026,"size":144,"ttl":54},{"from":"2001:4860::c:4000:fd87","icmpext":{"obj":[{"class":1,"mpls":[{"exp":4,"label":730962,"s":0,"ttl":1},{"exp":4,"label":2,"s":1,"ttl":1}],"type":1}],"rfc4884":0,"version":2},"rtt":45.269,"size":144,"ttl":54},{"from":"2001:4860::c:4000:fd87","icmpext":{"obj":[{"class":1,"mpls":[{"exp":4,"label":730962,"s":0,"ttl":1},{"exp":4,"label":2,"s":1,"ttl":1}],"type":1}],"rfc4884":0,"version":2},"rtt":45.01,"size":144,"ttl":54}]},{"hop":10,"result":[{"from":"2001:4860::c:4000:dd7d","icmpext":{"obj":[{"class":1,"mpls":[{"exp":4,"label":342102,"s":0,"ttl":1},{"exp":4,"label":2,"s":1,"ttl":2}],"type":1}],"rfc4884":0,"version":2},"ittl":2,"rtt":84.121,"size":144,"ttl":50},{"from":"2001:4860::c:4000:dd7d","icmpext":{"obj":[{"class":1,"mpls":[{"exp":4,"label":342102,"s":0,"ttl":1},{"exp":4,"label":2,"s":1,"ttl":2}],"type":1}],"rfc4884":0,"version":2},"ittl":2,"rtt":69.62,"size":144,"ttl":50},{"from":"2001:4860::c:4000:dd7d","icmpext":{"obj":[{"class":1,"mpls":[{"exp":4,"label":342102,"s":0,"ttl":1},{"exp":4,"label":2,"s":1,"ttl":2}],"type":1}],"rfc4884":0,"version":2},"ittl":2,"rtt":70.748,"size":144,"ttl":50}]},{"hop":11,"result":[{"from":"2001:4860::c:4000:d387","icmpext":{"obj":[{"class":1,"mpls":[{"exp":4,"label":364221,"s":0,"ttl":1},{"exp":4,"label":2,"s":1,"ttl":3}],"type":1}],"rfc4884":0,"version":2},"ittl":3,"rtt":68.896,"size":144,"ttl":52},{"from":"2001:4860::c:4000:d387","icmpext":{"obj":[{"class":1,"mpls":[{"exp":4,"label":364221,"s":0,"ttl":1},{"exp":4,"label":2,"s":1,"ttl":3}],"type":1}],"rfc4884":0,"version":2},"ittl":3,"rtt":68.039,"size":144,"ttl":52},{"from":"2001:4860::c:4000:d387","icmpext":{"obj":[{"class":1,"mpls":[{"exp":4,"label":364221,"s":0,"ttl":1},{"exp":4,"label":2,"s":1,"ttl":3}],"type":1}],"rfc4884":0,"version":2},"ittl":3,"rtt":68.527,"size":144,"ttl":52}]},{"hop":12,"result":[{"from":"2001:4860::c:4000:cf5b","icmpext":{"obj":[{"class":1,"mpls":[{"exp":4,"label":608390,"s":0,"ttl":1},{"exp":4,"label":2,"s":1,"ttl":4}],"type":1}],"rfc4884":0,"version":2},"ittl":4,"rtt":159.923,"size":144,"ttl":51},{"from":"2001:4860::c:4000:cf5b","icmpext":{"obj":[{"class":1,"mpls":[{"exp":4,"label":608390,"s":0,"ttl":1},{"exp":4,"label":2,"s":1,"ttl":4}],"type":1}],"rfc4884":0,"version":2},"ittl":4,"rtt":173.959,"size":144,"ttl":51},{"from":"2001:4860::c:4000:cf5b","icmpext":{"obj":[{"class":1,"mpls":[{"exp":4,"label":608390,"s":0,"ttl":1},{"exp":4,"label":2,"s":1,"ttl":4}],"type":1}],"rfc4884":0,"version":2},"ittl":4,"rtt":156.217,"size":144,"ttl":51}]},{"hop":13,"result":[{"from":"2001:4860::c:4000:d9a9","icmpext":{"obj":[{"class":1,"mpls":[{"exp":4,"label":741480,"s":0,"ttl":1},{"exp":4,"label":2,"s":1,"ttl":5}],"type":1}],"rfc4884":0,"version":2},"ittl":5,"rtt":151.861,"size":144,"ttl":48},{"from":"2001:4860::c:4000:d9a9","icmpext":{"obj":[{"class":1,"mpls":[{"exp":4,"label":741480,"s":0,"ttl":1},{"exp":4,"label":2,"s":1,"ttl":5}],"type":1}],"rfc4884":0,"version":2},"ittl":5,"rtt":151.381,"size":144,"ttl":48},{"from":"2001:4860::c:4000:d9a9","icmpext":{"obj":[{"class":1,"mpls":[{"exp":4,"label":741480,"s":0,"ttl":1},{"exp":4,"label":2,"s":1,"ttl":5}],"type":1}],"rfc4884":0,"version":2},"ittl":5,"rtt":151.661,"size":144,"ttl":48}]},{"hop":14,"result":[{"from":"2607:f8b0:e000:8000::3","rtt":170.441,"size":96,"ttl":51},{"from":"2607:f8b0:e000:8000::3","rtt":169.977,"size":96,"ttl":51},{"from":"2607:f8b0:e000:8000::3","rtt":169.922,"size":96,"ttl":51}]},{"hop":15,"result":[{"from":"2001:4860:0:1::17ed","rtt":214.009,"size":96,"ttl":49},{"from":"2001:4860:0:1::17ed","rtt":224.689,"size":96,"ttl":49},{"from":"2001:4860:0:1::17ed","rtt":222.699,"size":96,"ttl":49}]},{"hop":16,"result":[{"from":"2a00:1450:400e:808::2004","rtt":147.865,"size":48,"ttl":48},{"from":"2a00:1450:400e:808::2004","rtt":147.517,"size":48,"ttl":48},{"from":"2a00:1450:400e:808::2004","rtt":147.755,"size":48,"ttl":48}]}],"size":48,"src_addr":"2801:1a0:5:70:a2f3:c1ff:fec4:3b52","stored_timestamp":1512431528,"timestamp":1512431473,"type":"traceroute"}]