[{"af":6,"dst_addr":"2a00:1288:110:2::3007","dst_name":"2a00:1288:110:2::3007","endtime":1512431476,"from":"2c0f:feb0:a:1::2","fw":4780,"group_id":10409804,"lts":50,"msm_id":10409804,"msm_name":"Traceroute","paris_id":1,"prb_id":13734,"proto":"ICMP","result":[{"hop":1,"result":[{"from":"2c0f:feb0:a:1::ff7e","rtt":1.053,"size":96,"ttl":64},{"from":"2c0f:feb0:a:1::ff7e","rtt":0.642,"size":96,"ttl":64},{"from":"2c0f:feb0:a:1::ff7e","rtt":0.67,"size":96,"ttl":64}]},{"hop":2,"result":[{"from":"2c0f:feb0:a::1","rtt":2.43,"size":96,"ttl":63},{"x":"*"},{"from":"2c0f:feb0:a::1","rtt":3.623,"size":96,"ttl":63}]},{"hop":3,"result":[{"x":"*"},{"x":"*"},{"from":"2c0f:feb0:1:2::29e","rtt":151.422,"size":96,"ttl":62}]},{"hop":4,"result":[{"from":"2c0f:feb0:d::8","rtt":148.798,"size":96,"ttl":61},{"from":"2c0f:feb0:d::8","rtt":148.788,"size":96,"ttl":61},{"from":"2c0f:feb0:d::8","rtt":148.824,"size":96,"ttl":61}]},{"hop":5,"result":[{"from":"2001:7f8:54::1:5","rtt":160.17,"size":96,"ttl":60},{"from":"2001:7f8:54::1:5","rtt":160.195,"size":96,"ttl":60},{"from":"2001:7f8:54::1:5","rtt":160.427,"size":96,"ttl":60}]},{"hop":6,"result":[{"from":"2a00:1288:f025:1::","rtt":169.473,"size":96,"ttl":59},{"from":"2a00:1288:f025:1::","rtt":169.474,"size":96,"ttl":59},{"from":"2a00:1288:f025:1::","rtt":172.861,"size":96,"ttl":59}]},{"hop":7,"result":[{"from":"2a00:1288:f025:c::1","rtt":176.619,"size":96,"ttl":58},{"from":"2a00:1288:f025:c::1","rtt":176.584,"size":96,"ttl":58},{"from":"2a00:1288:f025:c::1","rtt":176.581,"size":96,"ttl":58}]},{"hop":8,"result":[{"from":"2a00:1288:f020:8::1","rtt":176.798,"size":96,"ttl":57},{"from":"2a00:1288:f020:8::1","rtt":176.79,"size":96,"ttl":57},{"from":"2a00:1288:f020:8::1","rtt":176.812,"size":96,"ttl":57}]},{"hop":9,"result":[{"from":"2a00:1288:110:fc02::1","rtt":175.737,"size":96,"ttl":247},{"from":"2a00:1288:110:fc02::1","rtt":175.734,"size":96,"ttl":247},{"from":"2a00:1288:110:fc02::1","rtt":175.65,"size":96,"ttl":247}]},{"hop":10,"result":[{"from":"2a00:1288:110:2::3007","rtt":174.792,"size":48,"ttl":55},{"from":"2a00:1288:110:2::3007","rtt":174.806,"size":48,"ttl":55},{"from":"2a00:1288:110:2::3007","rtt":174.785,"size":48,"ttl":55}]}],"size":48,"src_addr":"2c0f:feb0:a:1::2","stored_timestamp":1512431527,"timestamp":1512431460,"type":"traceroute"}]