[{"af":6,"dst_addr":"2a03:2880:f106:83:face:b00c:0:25de","dst_name":"2a03:2880:f106:83:face:b00c:0:25de","endtime":1512431171,"from":"2800:6f0:0:2:d66e:eff:fe23:2b04","fw":4780,"group_id":10409691,"lts":48,"msm_id":10409691,"msm_name":"Traceroute","paris_id":1,"prb_id":33493,"proto":"ICMP","result":[{"hop":1,"result":[{"from":"2800:6f0:0:2::1997","rtt":6.309,"size":96,"ttl":64},{"from":"2800:6f0:0:2::1997","rtt":4.345,"size":96,"ttl":64},{"from":"2800:6f0:0:2::1997","rtt":5.99,"size":96,"ttl":64}]},{"hop":2,"result":[{"from":"2800:6f0::1993","rtt":0.791,"size":96,"ttl":63},{"from":"2800:6f0::1993","rtt":0.742,"size":96,"ttl":63},{"from":"2800:6f0::1993","rtt":0.724,"size":96,"ttl":63}]},{"hop":3,"result":[{"from":"2001:450:2002:2b9::1","rtt":0.465,"size":96,"ttl":62},{"from":"2001:450:2002:2b9::1","rtt":0.52,"size":96,"ttl":62},{"from":"2001:450:2002:2b9::1","rtt":0.503,"size":96,"ttl":62}]},{"hop":4,"result":[{"from":"2001:1900:5:3::131","ittl":0,"rtt":195.312,"size":96,"ttl":61},{"from":"2001:1900:5:3::131","ittl":0,"rtt":195.273,"size":96,"ttl":61},{"from":"2001:1900:5:3::131","ittl":0,"rtt":195.22,"size":96,"ttl":61}]},{"hop":5,"result":[{"from":"2001:1900:5:3::131","rtt":195.275,"size":96,"ttl":61},{"from":"2001:1900:5:3::131","rtt":195.246,"size":96,"ttl":61},{"from":"2001:1900:5:3::131","rtt":195.256,"size":96,"ttl":61}]},{"hop":6,"result":[{"x":"*"},{"x":"*"},{"x":"*"}]},{"hop":7,"result":[{"from":"2001:1900:5:3::3e6","rtt":203.274,"size":96,"ttl":58},{"from":"2001:1900:5:3::3e6","rtt":203.203,"size":96,"ttl":58},{"from":"2001:1900:5:3::3e6","rtt":203.205,"size":96,"ttl":58}]},{"hop":8,"result":[{"from":"2620:0:1cff:dead:beef::c7e","rtt":202.967,"size":96,"ttl":57},{"from":"2620:0:1cff:dead:beef::c7e","rtt":202.901,"size":96,"ttl":57},{"from":"2620:0:1cff:dead:beef::c7e","rtt":203.091,"size":96,"ttl":57}]},{"hop":9,"result":[{"from":"2620:0:1cff:dead:beef::1aeb","rtt":220.213,"size":96,"ttl":56},{"from":"2620:0:1cff:dead:beef::1aeb","rtt":220.256,"size":96,"ttl":56},{"from":"2620:0:1cff:dead:beef::1aeb","rtt":220.244,"size":96,"ttl":56}]},{"hop":10,"result":[{"from":"2a03:2880:f006:ffff::219","rtt":222.657,"size":96,"ttl":55},{"from":"2a03:2880:f006:ffff::219","rtt":222.599,"size":96,"ttl":55},{"from":"2a03:2880:f006:ffff::219","rtt":222.567,"size":96,"ttl":55}]},{"hop":11,"result":[{"from":"2a03:2880:f106:83:face:b00c:0:25de","rtt":202.917,"size":48,"ttl":54},{"from":"2001:1900:2::3:5f","late":16,"rtt":14994.023,"size":96,"ttl":59},{"from":"2a03:2880:f106:83:face:b00c:0:25de","rtt":202.918,"size":48,"ttl":54},{"from":"2a03:2880:f106:83:face:b00c:0:25de","rtt":202.941,"size":48,"ttl":54}]}],"size":48,"src_addr":"2800:6f0:0:2:d66e:eff:fe23:2b04","stored_timestamp":1512431230,"timestamp":1512431155,"type":"traceroute"}]