[{"af":6,"dst_addr":"2a01:578:3::364d:6c02","dst_name":"2a01:578:3::364d:6c02","endtime":1512431301,"from":"2800:6f0:0:2:d66e:eff:fe23:2b04","fw":4780,"group_id":10409713,"lts":15,"msm_id":10409713,"msm_name":"Traceroute","paris_id":1,"prb_id":33493,"proto":"ICMP","result":[{"hop":1,"result":[{"from":"2800:6f0:0:2::1997","rtt":2.244,"size":96,"ttl":64},{"from":"2800:6f0:0:2::1997","rtt":2.008,"size":96,"ttl":64},{"from":"2800:6f0:0:2::1997","rtt":0.686,"size":96,"ttl":64}]},{"hop":2,"result":[{"from":"2800:6f0::1993","rtt":0.735,"size":96,"ttl":63},{"from":"2800:6f0::1993","rtt":0.703,"size":96,"ttl":63},{"from":"2800:6f0::1993","rtt":2.985,"size":96,"ttl":63}]},{"hop":3,"result":[{"from":"2001:450:2002:2b9::1","rtt":0.52,"size":96,"ttl":62},{"from":"2001:450:2002:2b9::1","rtt":0.49,"size":96,"ttl":62},{"from":"2001:450:2002:2b9::1","rtt":0.507,"size":96,"ttl":62}]},{"hop":4,"result":[{"from":"2001:1900:5:3::131","ittl":0,"rtt":195.407,"size":96,"ttl":61},{"from":"2001:1900:5:3::131","ittl":0,"rtt":195.508,"size":96,"ttl":61},{"from":"2001:1900:5:3::131","ittl":0,"rtt":195.357,"size":96,"ttl":61}]},{"hop":5,"result":[{"from":"2001:1900:5:3::131","rtt":195.434,"size":96,"ttl":61},{"from":"2001:1900:5:3::131","rtt":195.391,"size":96,"ttl":61},{"from":"2001:1900:5:3::131","rtt":219.667,"size":96,"ttl":61}]},{"hop":6,"result":[{"from":"2001:1900:2::3:97","rtt":196.287,"size":96,"ttl":60},{"from":"2001:1900:2::3:97","rtt":195.752,"size":96,"ttl":60},{"from":"2001:1900:2::3:97","rtt":195.719,"size":96,"ttl":60}]},{"hop":7,"result":[{"from":"2001:1900:5:2:2::3fd6","rtt":221.504,"size":96,"ttl":58},{"from":"2001:1900:5:2:2::3fd6","rtt":221.445,"size":96,"ttl":58},{"from":"2001:1900:5:2:2::3fd6","rtt":221.572,"size":96,"ttl":58}]},{"hop":8,"result":[{"x":"*"},{"x":"*"},{"x":"*"}]},{"hop":9,"result":[{"from":"2a01:578:0:12::25","icmpext":{"obj":[{"class":1,"mpls":[{"exp":0,"label":324912,"s":0,"ttl":1},{"exp":0,"label":2,"s":1,"ttl":2}],"type":1}],"rfc4884":0,"version":2},"ittl":2,"rtt":241.376,"size":144,"ttl":42},{"from":"2a01:578:0:12::25","icmpext":{"obj":[{"class":1,"mpls":[{"exp":0,"label":324912,"s":0,"ttl":1},{"exp":0,"label":2,"s":1,"ttl":2}],"type":1}],"rfc4884":0,"version":2},"ittl":2,"rtt":241.082,"size":144,"ttl":42},{"from":"2a01:578:0:12::25","icmpext":{"obj":[{"class":1,"mpls":[{"exp":0,"label":324912,"s":0,"ttl":1},{"exp":0,"label":2,"s":1,"ttl":2}],"type":1}],"rfc4884":0,"version":2},"ittl":2,"rtt":241.059,"size":144,"ttl":42}]},{"hop":10,"result":[{"x":"*"},{"x":"*"},{"x":"*"}]},{"hop":11,"result":[{"x":"*"},{"x":"*"},{"x":"*"}]},{"hop":12,"result":[{"from":"2a01:578::1e","icmpext":{"obj":[{"class":1,"mpls":[{"exp":0,"label":500688,"s":0,"ttl":1},{"exp":0,"label":2,"s":1,"ttl":5}],"type":1}],"rfc4884":0,"version":2},"ittl":5,"rtt":240.01,"size":144,"ttl":50},{"from":"2a01:578::1e","icmpext":{"obj":[{"class":1,"mpls":[{"exp":0,"label":500688,"s":0,"ttl":1},{"exp":0,"label":2,"s":1,"ttl":5}],"type":1}],"rfc4884":0,"version":2},"ittl":5,"rtt":239.97,"size":144,"ttl":50},{"from":"2a01:578::1e","icmpext":{"obj":[{"class":1,"mpls":[{"exp":0,"label":500688,"s":0,"ttl":1},{"exp":0,"label":2,"s":1,"ttl":5}],"type":1}],"rfc4884":0,"version":2},"ittl":5,"rtt":240.006,"size":144,"ttl":50}]},{"hop":13,"result":[{"x":"*"},{"x":"*"},{"x":"*"}]},{"hop":14,"result":[{"from":"2a01:578::1a","icmpext":{"obj":[{"class":1,"mpls":[{"exp":0,"label":652460,"s":0,"ttl":1},{"exp":0,"label":2,"s":1,"ttl":7}],"type":1}],"rfc4884":0,"version":2},"ittl":7,"rtt":241.936,"size":144,"ttl":49},{"from":"2a01:578::1a","icmpext":{"obj":[{"class":1,"mpls":[{"exp":0,"label":652460,"s":0,"ttl":1},{"exp":0,"label":2,"s":1,"ttl":7}],"type":1}],"rfc4884":0,"version":2},"ittl":7,"rtt":241.893,"size":144,"ttl":47},{"from":"2a01:578::1a","icmpext":{"obj":[{"class":1,"mpls":[{"exp":0,"label":652460,"s":0,"ttl":1},{"exp":0,"label":2,"s":1,"ttl":7}],"type":1}],"rfc4884":0,"version":2},"ittl":7,"rtt":241.918,"size":144,"ttl":47}]},{"hop":15,"result":[{"x":"*"},{"x":"*"},{"x":"*"}]},{"hop":16,"result":[{"from":"2a01:578:0:10::5","rtt":238.597,"size":96,"ttl":53},{"from":"2a01:578:0:10::5","rtt":238.477,"size":96,"ttl":53},{"from":"2a01:578:0:10::5","rtt":238.504,"size":96,"ttl":53}]},{"hop":17,"result":[{"x":"*"},{"x":"*"},{"x":"*"}]},{"hop":18,"result":[{"x":"*"},{"x":"*"},{"x":"*"}]},{"hop":19,"result":[{"x":"*"},{"x":"*"},{"x":"*"}]},{"hop":20,"result":[{"x":"*"},{"x":"*"},{"x":"*"}]},{"hop":21,"result":[{"x":"*"},{"x":"*"},{"x":"*"}]},{"hop":255,"result":[{"from":"2a01:578:3::364d:6c02","rtt":240.128,"size":48,"ttl":44},{"from":"2a01:578:3::364d:6c02","rtt":240.163,"size":48,"ttl":44},{"from":"2a01:578:3::364d:6c02","rtt":240.093,"size":48,"ttl":44}]}],"size":48,"src_addr":"2800:6f0:0:2:d66e:eff:fe23:2b04","stored_timestamp":1512431306,"timestamp":1512431174,"type":"traceroute"}]