[{"af":6,"dst_addr":"2a02:26f0:7b:48a::102d","dst_name":"2a02:26f0:7b:48a::102d","endtime":1512431535,"from":"2801:1a0:5:70:a2f3:c1ff:fec4:3b52","fw":4780,"group_id":10409837,"lts":12,"msm_id":10409837,"msm_name":"Traceroute","paris_id":1,"prb_id":12833,"proto":"ICMP","result":[{"hop":1,"result":[{"from":"2801:1a0:5:70::1","rtt":1.039,"size":96,"ttl":64},{"from":"2801:1a0:5:70::1","rtt":0.966,"size":96,"ttl":64},{"from":"2801:1a0:5:70::1","rtt":1.09,"size":96,"ttl":64}]},{"hop":2,"result":[{"from":"2801:1a0:0:3::1","rtt":0.415,"size":96,"ttl":63},{"from":"2801:1a0:0:3::1","rtt":0.288,"size":96,"ttl":63},{"from":"2801:1a0:0:3::1","rtt":0.532,"size":96,"ttl":63}]},{"hop":3,"result":[{"from":"2801:1a0:0:4::2","rtt":0.766,"size":96,"ttl":62},{"from":"2801:1a0:0:4::2","rtt":0.532,"size":96,"ttl":62},{"from":"2801:1a0:0:4::2","rtt":0.541,"size":96,"ttl":62}]},{"hop":4,"result":[{"from":"2800:490:4000::1","rtt":1.262,"size":96,"ttl":61},{"from":"2800:490:4000::1","rtt":0.789,"size":96,"ttl":61},{"from":"2800:490:4000::1","rtt":0.796,"size":96,"ttl":61}]},{"hop":5,"result":[{"from":"2800:310:400::15","rtt":2.746,"size":96,"ttl":60},{"from":"2800:310:400::15","rtt":2.758,"size":96,"ttl":60},{"from":"2800:310:400::15","rtt":2.962,"size":96,"ttl":60}]},{"hop":6,"result":[{"from":"2600:3:2000:2::3f","rtt":6.401,"size":96,"ttl":59},{"from":"2600:3:2000:2::3f","rtt":6.439,"size":96,"ttl":59},{"from":"2600:3:2000:2::3f","rtt":6.428,"size":96,"ttl":59}]},{"hop":7,"result":[{"from":"2600:3:2000:2::3e","rtt":66.528,"size":96,"ttl":58},{"from":"2600:3:2000:2::3e","rtt":66.635,"size":96,"ttl":58},{"from":"2600:3:2000:2::3e","rtt":66.655,"size":96,"ttl":58}]},{"hop":8,"result":[{"from":"2600:0:2:1239:144:232:14:219","rtt":73.033,"size":96,"ttl":57},{"from":"2600:0:2:1239:144:232:14:219","rtt":69.378,"size":96,"ttl":57},{"from":"2600:0:2:1239:144:232:14:219","rtt":69.479,"size":96,"ttl":57}]},{"hop":9,"result":[{"from":"2001:2000:3080:de2::1","rtt":67.677,"size":96,"ttl":59},{"from":"2001:2000:3080:de2::1","rtt":67.231,"size":96,"ttl":59},{"from":"2001:2000:3080:de2::1","rtt":67.386,"size":96,"ttl":59}]},{"hop":10,"result":[{"from":"2001:2000:3019:71::1","icmpext":{"obj":[{"class":1,"mpls":[{"exp":1,"label":312526,"s":0,"ttl":1},{"exp":1,"label":2,"s":1,"ttl":1}],"type":1}],"rfc4884":0,"version":2},"rtt":188.163,"size":144,"ttl":51},{"from":"2001:2000:3019:71::1","icmpext":{"obj":[{"class":1,"mpls":[{"exp":1,"label":312526,"s":0,"ttl":1},{"exp":1,"label":2,"s":1,"ttl":1}],"type":1}],"rfc4884":0,"version":2},"rtt":186.405,"size":144,"ttl":51},{"from":"2001:2000:3019:71::1","icmpext":{"obj":[{"class":1,"mpls":[{"exp":1,"label":312526,"s":0,"ttl":1},{"exp":1,"label":2,"s":1,"ttl":1}],"type":1}],"rfc4884":0,"version":2},"rtt":186.029,"size":144,"ttl":51}]},{"hop":11,"result":[{"from":"2001:2000:3019:79::1","icmpext":{"obj":[{"class":1,"mpls":[{"exp":1,"label":299867,"s":0,"ttl":1},{"exp":1,"label":2,"s":1,"ttl":2}],"type":1}],"rfc4884":0,"version":2},"ittl":2,"rtt":184.509,"size":144,"ttl":52},{"from":"2001:2000:3019:79::1","icmpext":{"obj":[{"class":1,"mpls":[{"exp":1,"label":299867,"s":0,"ttl":1},{"exp":1,"label":2,"s":1,"ttl":2}],"type":1}],"rfc4884":0,"version":2},"ittl":2,"rtt":184.552,"size":144,"ttl":52},{"from":"2001:2000:3019:79::1","icmpext":{"obj":[{"class":1,"mpls":[{"exp":1,"label":299867,"s":0,"ttl":1},{"exp":1,"label":2,"s":1,"ttl":2}],"type":1}],"rfc4884":0,"version":2},"ittl":2,"rtt":184.254,"size":144,"ttl":52}]},{"hop":12,"result":[{"from":"2001:2000:3019:65::1","icmpext":{"obj":[{"class":0,"type":0}],"rfc4884":1,"version":0},"ittl":3,"rtt":182.69,"size":144,"ttl":54},{"from":"2001:2000:3019:65::1","icmpext":{"obj":[{"class":0,"type":0}],"rfc4884":1,"version":0},"ittl":3,"rtt":182.488,"size":144,"ttl":54},{"from":"2001:2000:3019:65::1","icmpext":{"obj":[{"class":0,"type":0}],"rfc4884":1,"version":0},"ittl":3,"rtt":182.756,"size":144,"ttl":54}]},{"hop":13,"result":[{"from":"2001:2000:3018:d::1","rtt":175.301,"size":96,"ttl":55},{"from":"2001:2000:3018:d::1","rtt":175.324,"size":96,"ttl":55},{"from":"2001:2000:3018:d::1","rtt":182.682,"size":96,"ttl":55}]},{"hop":14,"result":[{"from":"2001:2000:3080:71c::2","rtt":179.067,"size":96,"ttl":54},{"from":"2001:2000:3080:71c::2","rtt":178.983,"size":96,"ttl":54},{"from":"2001:2000:3080:71c::2","rtt":179.23,"size":96,"ttl":54}]},{"hop":15,"result":[{"from":"2a02:10:0:1::7:2","rtt":184.361,"size":96,"ttl":54},{"from":"2a02:10:0:1::7:2","rtt":184.088,"size":96,"ttl":54},{"from":"2a02:10:0:1::7:2","rtt":184.139,"size":96,"ttl":54}]},{"hop":16,"result":[{"x":"*"},{"x":"*"},{"x":"*"}]},{"hop":17,"result":[{"x":"*"},{"x":"*"},{"x":"*"}]},{"hop":18,"result":[{"from":"2001:7f8:1::a502:940:1","rtt":192.006,"size":96,"ttl":56},{"x":"*"},{"x":"*"}]},{"hop":19,"result":[{"from":"2a02:26f0:7b:48a::102d","rtt":183.205,"size":48,"ttl":55},{"from":"2a02:26f0:7b:48a::102d","rtt":183.571,"size":48,"ttl":55},{"from":"2a02:26f0:7b:48a::102d","rtt":183.481,"size":48,"ttl":55}]}],"size":48,"src_addr":"2801:1a0:5:70:a2f3:c1ff:fec4:3b52","stored_timestamp":1512431592,"timestamp":1512431498,"type":"traceroute"}]