[{"af":6,"dst_addr":"2a01:578:3::36ab:de23","dst_name":"2a01:578:3::36ab:de23","endtime":1512431617,"from":"2c0f:feb0:a:1::2","fw":4780,"group_id":10409818,"lts":8,"msm_id":10409818,"msm_name":"Traceroute","paris_id":1,"prb_id":13734,"proto":"ICMP","result":[{"hop":1,"result":[{"from":"2c0f:feb0:a:1::ff7e","rtt":0.636,"size":96,"ttl":64},{"from":"2c0f:feb0:a:1::ff7e","rtt":0.569,"size":96,"ttl":64},{"from":"2c0f:feb0:a:1::ff7e","rtt":0.548,"size":96,"ttl":64}]},{"hop":2,"result":[{"from":"2c0f:feb0:a::1","rtt":1.423,"size":96,"ttl":63},{"from":"2c0f:feb0:a::1","rtt":1.421,"size":96,"ttl":63},{"from":"2c0f:feb0:a::1","rtt":1.533,"size":96,"ttl":63}]},{"hop":3,"result":[{"from":"2c0f:feb0:1:2::28e","rtt":150.197,"size":96,"ttl":62},{"x":"*"},{"x":"*"}]},{"hop":4,"result":[{"from":"2c0f:feb0:d::8","rtt":148.863,"size":96,"ttl":61},{"from":"2c0f:feb0:d::8","rtt":148.874,"size":96,"ttl":61},{"from":"2c0f:feb0:d::8","rtt":148.768,"size":96,"ttl":61}]},{"hop":5,"result":[{"from":"2001:7f8:54:5::11","rtt":148.875,"size":96,"ttl":60},{"from":"2001:7f8:54:5::11","rtt":148.858,"size":96,"ttl":60},{"from":"2001:7f8:54:5::11","rtt":148.879,"size":96,"ttl":60}]},{"hop":6,"result":[{"x":"*"},{"x":"*"},{"x":"*"}]},{"hop":7,"result":[{"from":"2a01:578:0:ff::30","icmpext":{"obj":[{"class":1,"mpls":[{"exp":0,"label":318160,"s":0,"ttl":1},{"exp":0,"label":2,"s":1,"ttl":2}],"type":1}],"rfc4884":0,"version":2},"ittl":2,"rtt":176.751,"size":144,"ttl":41},{"from":"2a01:578:0:ff::30","icmpext":{"obj":[{"class":1,"mpls":[{"exp":0,"label":318160,"s":0,"ttl":1},{"exp":0,"label":2,"s":1,"ttl":2}],"type":1}],"rfc4884":0,"version":2},"ittl":2,"rtt":176.577,"size":144,"ttl":41},{"from":"2a01:578:0:ff::30","icmpext":{"obj":[{"class":1,"mpls":[{"exp":0,"label":318160,"s":0,"ttl":1},{"exp":0,"label":2,"s":1,"ttl":2}],"type":1}],"rfc4884":0,"version":2},"ittl":2,"rtt":176.508,"size":144,"ttl":41}]},{"hop":8,"result":[{"from":"2a01:578:0:13::6","icmpext":{"obj":[{"class":1,"mpls":[{"exp":0,"label":358113,"s":0,"ttl":1},{"exp":0,"label":325312,"s":0,"ttl":1},{"exp":0,"label":2,"s":1,"ttl":3}],"type":1}],"rfc4884":0,"version":2},"ittl":3,"rtt":175.932,"size":148,"ttl":44},{"from":"2a01:578:0:13::6","icmpext":{"obj":[{"class":1,"mpls":[{"exp":0,"label":358113,"s":0,"ttl":1},{"exp":0,"label":325312,"s":0,"ttl":1},{"exp":0,"label":2,"s":1,"ttl":3}],"type":1}],"rfc4884":0,"version":2},"ittl":3,"rtt":175.861,"size":148,"ttl":44},{"from":"2a01:578:0:13::6","icmpext":{"obj":[{"class":1,"mpls":[{"exp":0,"label":358113,"s":0,"ttl":1},{"exp":0,"label":325312,"s":0,"ttl":1},{"exp":0,"label":2,"s":1,"ttl":3}],"type":1}],"rfc4884":0,"version":2},"ittl":3,"rtt":175.921,"size":148,"ttl":44}]},{"hop":9,"result":[{"x":"*"},{"x":"*"},{"x":"*"}]},{"hop":10,"result":[{"x":"*"},{"x":"*"},{"x":"*"}]},{"hop":11,"result":[{"from":"2a01:578:0:10::b","icmpext":{"obj":[{"class":1,"mpls":[{"exp":0,"label":325312,"s":0,"ttl":1},{"exp":0,"label":2,"s":1,"ttl":6}],"type":1}],"rfc4884":0,"version":2},"ittl":6,"rtt":175.442,"size":144,"ttl":47},{"from":"2a01:578:0:10::b","icmpext":{"obj":[{"class":1,"mpls":[{"exp":0,"label":325312,"s":0,"ttl":1},{"exp":0,"label":2,"s":1,"ttl":6}],"type":1}],"rfc4884":0,"version":2},"ittl":6,"rtt":175.511,"size":144,"ttl":47},{"from":"2a01:578:0:10::b","icmpext":{"obj":[{"class":1,"mpls":[{"exp":0,"label":325312,"s":0,"ttl":1},{"exp":0,"label":2,"s":1,"ttl":6}],"type":1}],"rfc4884":0,"version":2},"ittl":6,"rtt":176.763,"size":144,"ttl":47}]},{"hop":12,"result":[{"x":"*"},{"x":"*"},{"x":"*"}]},{"hop":13,"result":[{"from":"2a01:578::19","icmpext":{"obj":[{"class":1,"mpls":[{"exp":0,"label":412781,"s":0,"ttl":1},{"exp":0,"label":2,"s":1,"ttl":8}],"type":1}],"rfc4884":0,"version":2},"ittl":8,"rtt":177.467,"size":144,"ttl":47},{"from":"2a01:578::19","icmpext":{"obj":[{"class":1,"mpls":[{"exp":0,"label":412781,"s":0,"ttl":1},{"exp":0,"label":2,"s":1,"ttl":8}],"type":1}],"rfc4884":0,"version":2},"ittl":8,"rtt":175.553,"size":144,"ttl":49},{"from":"2a01:578::19","icmpext":{"obj":[{"class":1,"mpls":[{"exp":0,"label":412781,"s":0,"ttl":1},{"exp":0,"label":2,"s":1,"ttl":8}],"type":1}],"rfc4884":0,"version":2},"ittl":8,"rtt":176.569,"size":144,"ttl":49}]},{"hop":14,"result":[{"x":"*"},{"x":"*"},{"x":"*"}]},{"hop":15,"result":[{"from":"2a01:578:0:10::5","rtt":176.236,"size":96,"ttl":50},{"from":"2a01:578:0:10::5","rtt":176.252,"size":96,"ttl":50},{"from":"2a01:578:0:10::5","rtt":176.261,"size":96,"ttl":50}]},{"hop":16,"result":[{"x":"*"},{"x":"*"},{"x":"*"}]},{"hop":17,"result":[{"x":"*"},{"x":"*"},{"x":"*"}]},{"hop":18,"result":[{"x":"*"},{"x":"*"},{"x":"*"}]},{"hop":19,"result":[{"x":"*"},{"x":"*"},{"x":"*"}]},{"hop":20,"result":[{"x":"*"},{"x":"*"},{"x":"*"}]},{"hop":255,"result":[{"from":"2a01:578:3::36ab:de23","rtt":176.487,"size":48,"ttl":44},{"from":"2a01:578:3::36ab:de23","rtt":176.524,"size":48,"ttl":44},{"from":"2a01:578:3::36ab:de23","rtt":176.463,"size":48,"ttl":44}]}],"size":48,"src_addr":"2c0f:feb0:a:1::2","stored_timestamp":1512431643,"timestamp":1512431484,"type":"traceroute"}]