[{"af":6,"dst_addr":"2a02:26f0:7b:48a::102d","dst_name":"2a02:26f0:7b:48a::102d","endtime":1512431431,"from":"2001:7f0:1:3237::2","fw":4780,"group_id":10409765,"lts":68,"msm_id":10409765,"msm_name":"Traceroute","paris_id":1,"prb_id":15724,"proto":"ICMP","result":[{"hop":1,"result":[{"from":"2001:7f0:1:3237::1","rtt":3.153,"size":96,"ttl":64},{"from":"2001:7f0:1:3237::1","rtt":0.565,"size":96,"ttl":64},{"from":"2001:7f0:1:3237::1","rtt":0.543,"size":96,"ttl":64}]},{"hop":2,"result":[{"from":"2001:668:0:3::c000:a1","rtt":13.915,"size":96,"ttl":62},{"from":"2001:668:0:3::c000:a1","rtt":0.632,"size":96,"ttl":62},{"from":"2001:668:0:3::c000:a1","rtt":0.629,"size":96,"ttl":62}]},{"hop":3,"result":[{"from":"2001:668:0:2:ffff:0:8d88:6959","rtt":15.159,"size":96,"ttl":61},{"from":"2001:668:0:2:ffff:0:8d88:6959","rtt":15.051,"size":96,"ttl":61},{"from":"2001:668:0:2:ffff:0:8d88:6959","rtt":15.129,"size":96,"ttl":61}]},{"hop":4,"result":[{"from":"2001:668:0:3:ffff:0:2e21:5e56","rtt":15.238,"size":96,"ttl":60},{"from":"2001:668:0:3:ffff:0:2e21:5e56","rtt":15.255,"size":96,"ttl":60},{"from":"2001:668:0:3:ffff:0:2e21:5e56","rtt":15.149,"size":96,"ttl":60}]},{"hop":5,"result":[{"from":"2a02:d28:5580:e:1000::b19","rtt":15.905,"size":96,"ttl":61},{"from":"2a02:d28:5580:e:1000::b19","rtt":15.657,"size":96,"ttl":61},{"from":"2a02:d28:5580:e:1000::b19","rtt":15.771,"size":96,"ttl":61}]},{"hop":6,"result":[{"from":"2a02:26f0:7b:48a::102d","rtt":15.224,"size":48,"ttl":60},{"from":"2a02:26f0:7b:48a::102d","rtt":15.232,"size":48,"ttl":60},{"from":"2a02:26f0:7b:48a::102d","rtt":15.219,"size":48,"ttl":60}]}],"size":48,"src_addr":"2001:7f0:1:3237::2","stored_timestamp":1512431445,"timestamp":1512431430,"type":"traceroute"}]