[{"af":6,"dst_addr":"2a03:2880:f206:c4:face:b00c:0:43fe","dst_name":"2a03:2880:f206:c4:face:b00c:0:43fe","endtime":1512431450,"from":"2a03:1c00:0:2::2","fw":4780,"group_id":10409786,"lts":41,"msm_id":10409786,"msm_name":"Traceroute","paris_id":1,"prb_id":13964,"proto":"ICMP","result":[{"hop":1,"result":[{"from":"2a03:1c00:0:2::1","rtt":0.986,"size":96,"ttl":64},{"from":"2a03:1c00:0:2::1","rtt":0.694,"size":96,"ttl":64},{"from":"2a03:1c00:0:2::1","rtt":0.681,"size":96,"ttl":64}]},{"hop":2,"result":[{"from":"2a03:1c00:0:1::226","rtt":0.828,"size":96,"ttl":63},{"from":"2a03:1c00:0:1::226","rtt":0.854,"size":96,"ttl":63},{"from":"2a03:1c00:0:1::226","rtt":0.708,"size":96,"ttl":63}]},{"hop":3,"result":[{"from":"2a02:2578:2000:2::2","rtt":90.282,"size":96,"ttl":56},{"from":"2a02:2578:2000:2::2","rtt":90.252,"size":96,"ttl":56},{"from":"2a02:2578:2000:2::2","rtt":90.256,"size":96,"ttl":56}]},{"hop":4,"result":[{"from":"2a02:2578:0:2::1","rtt":88.693,"size":96,"ttl":58},{"from":"2a02:2578:0:2::1","rtt":88.748,"size":96,"ttl":58},{"from":"2a02:2578:0:2::1","rtt":88.714,"size":96,"ttl":58}]},{"hop":5,"result":[{"from":"2001:16a0:1:2020::1","rtt":89.189,"size":96,"ttl":59},{"from":"2001:16a0:1:2020::1","rtt":89.273,"size":96,"ttl":59},{"from":"2001:16a0:1:2020::1","rtt":89.235,"size":96,"ttl":59}]},{"hop":6,"result":[{"from":"2001:16a0:1:0:84:235:121:2","rtt":179.698,"size":96,"ttl":59},{"from":"2001:16a0:1:0:84:235:121:2","rtt":179.675,"size":96,"ttl":59},{"from":"2001:16a0:1:0:84:235:121:2","rtt":179.655,"size":96,"ttl":59}]},{"hop":7,"result":[{"from":"2001:7f8:1::a503:2934:1","rtt":91.657,"size":96,"ttl":59},{"from":"2001:7f8:1::a503:2934:1","rtt":91.629,"size":96,"ttl":59},{"from":"2001:7f8:1::a503:2934:1","rtt":91.66,"size":96,"ttl":59}]},{"hop":8,"result":[{"from":"2620:0:1cff:dead:beef::1a34","rtt":91.631,"size":96,"ttl":58},{"from":"2620:0:1cff:dead:beef::1a34","rtt":91.631,"size":96,"ttl":58},{"from":"2620:0:1cff:dead:beef::1a34","rtt":91.689,"size":96,"ttl":58}]},{"hop":9,"result":[{"from":"2620:0:1cff:dead:beef::1aff","rtt":92.313,"size":96,"ttl":57},{"from":"2620:0:1cff:dead:beef::1aff","rtt":92.402,"size":96,"ttl":57},{"from":"2620:0:1cff:dead:beef::1aff","rtt":92.23,"size":96,"ttl":57}]},{"hop":10,"result":[{"from":"2a03:2880:f006:ffff::2a1","rtt":92.279,"size":96,"ttl":56},{"from":"2a03:2880:f006:ffff::2a1","rtt":91.941,"size":96,"ttl":56},{"from":"2a03:2880:f006:ffff::2a1","rtt":92.026,"size":96,"ttl":56}]},{"hop":11,"result":[{"from":"2a03:2880:f206:c4:face:b00c:0:43fe","rtt":91.535,"size":48,"ttl":55},{"from":"2a03:2880:f206:c4:face:b00c:0:43fe","rtt":91.537,"size":48,"ttl":55},{"from":"2a03:2880:f206:c4:face:b00c:0:43fe","rtt":91.506,"size":48,"ttl":55}]}],"size":48,"src_addr":"2a03:1c00:0:2::2","stored_timestamp":1512431499,"timestamp":1512431447,"type":"traceroute"}]