[{"af":6,"dst_addr":"2a00:1288:110:2::3007","dst_name":"2a00:1288:110:2::3007","endtime":1512431210,"from":"2c0f:f0b8:1200:0:d66e:eff:fe23:58ca","fw":4780,"group_id":10409722,"lts":50,"msm_id":10409722,"msm_name":"Traceroute","paris_id":1,"prb_id":33144,"proto":"ICMP","result":[{"hop":1,"result":[{"from":"2c0f:f0b8:1200::1","rtt":1.363,"size":96,"ttl":255},{"from":"2c0f:f0b8:1200::1","rtt":0.492,"size":96,"ttl":255},{"from":"2c0f:f0b8:1200::1","rtt":0.443,"size":96,"ttl":255}]},{"hop":2,"result":[{"from":"2c0f:f0b8:1600:0:822a:a8ff:fe4d:ac6b","rtt":0.916,"size":96,"ttl":63},{"from":"2c0f:f0b8:1600:0:822a:a8ff:fe4d:ac6b","rtt":0.739,"size":96,"ttl":63},{"from":"2c0f:f0b8:1600:0:822a:a8ff:fe4d:ac6b","rtt":0.712,"size":96,"ttl":63}]},{"hop":3,"result":[{"from":"2c0f:f0b8:0:107::1","rtt":1.83,"size":96,"ttl":62},{"from":"2c0f:f0b8:0:107::1","rtt":1.15,"size":96,"ttl":62},{"from":"2c0f:f0b8:0:107::1","rtt":1.138,"size":96,"ttl":62}]},{"hop":4,"result":[{"from":"2c0f:f0b8:0:101::","rtt":1.15,"size":96,"ttl":61},{"from":"2c0f:f0b8:0:101::","rtt":1.028,"size":96,"ttl":61},{"from":"2c0f:f0b8:0:101::","rtt":1.062,"size":96,"ttl":61}]},{"hop":5,"result":[{"from":"2c0f:f0b8:0:100::4","rtt":1.203,"size":96,"ttl":60},{"from":"2c0f:f0b8:0:100::4","rtt":1.213,"size":96,"ttl":60},{"from":"2c0f:f0b8:0:100::4","rtt":1.067,"size":96,"ttl":60}]},{"hop":6,"result":[{"from":"2a01:410:1:5010::8","rtt":125.135,"size":96,"ttl":59},{"from":"2a01:410:1:5010::8","rtt":2.381,"size":96,"ttl":59},{"from":"2a01:410:1:5010::8","rtt":2.491,"size":96,"ttl":59}]},{"hop":7,"result":[{"from":"2a01:410:1:1::12b","rtt":3.166,"size":96,"ttl":58},{"from":"2a01:410:1:1::12b","rtt":3.052,"size":96,"ttl":58},{"from":"2a01:410:1:1::12b","rtt":2.654,"size":96,"ttl":58}]},{"hop":8,"result":[{"from":"2a01:410:1:1::ba","rtt":6.832,"size":96,"ttl":57},{"from":"2a01:410:1:1::ba","rtt":6.065,"size":96,"ttl":57},{"from":"2a01:410:1:1::ba","rtt":6.586,"size":96,"ttl":57}]},{"hop":9,"result":[{"from":"2a01:410:1:1::10d","rtt":15.526,"size":96,"ttl":56},{"from":"2a01:410:1:1::10d","rtt":15.466,"size":96,"ttl":56},{"from":"2a01:410:1:1::10d","rtt":15.821,"size":96,"ttl":56}]},{"hop":10,"result":[{"from":"2a01:410:0:2::102","ittl":0,"rtt":178.561,"size":96,"ttl":54},{"from":"2a01:410:0:2::102","ittl":0,"rtt":178.491,"size":96,"ttl":54},{"from":"2a01:410:0:2::102","ittl":0,"rtt":178.25,"size":96,"ttl":54}]},{"hop":11,"result":[{"from":"2a01:410:1:9000::21","rtt":177.951,"size":96,"ttl":53},{"x":"*"},{"x":"*"}]},{"hop":12,"result":[{"from":"2001:7f8::2846:0:1","rtt":190.942,"size":96,"ttl":52},{"from":"2001:7f8::2846:0:1","rtt":190.547,"size":96,"ttl":52},{"from":"2001:7f8::2846:0:1","rtt":190.439,"size":96,"ttl":52}]},{"hop":13,"result":[{"from":"2a00:1288:f025:d::","rtt":190.061,"size":96,"ttl":50},{"from":"2a00:1288:f025:d::","rtt":241.228,"size":96,"ttl":50},{"from":"2a00:1288:f025:d::","rtt":189.946,"size":96,"ttl":50}]},{"hop":14,"result":[{"from":"2a00:1288:f025:c::1","rtt":202.658,"size":96,"ttl":50},{"from":"2a00:1288:f025:c::1","rtt":202.601,"size":96,"ttl":50},{"from":"2a00:1288:f025:c::1","rtt":204.427,"size":96,"ttl":50}]},{"hop":15,"result":[{"from":"2a00:1288:f020:7::1","rtt":201.059,"size":96,"ttl":49},{"from":"2a00:1288:f020:7::1","rtt":201.257,"size":96,"ttl":49},{"from":"2a00:1288:f020:7::1","rtt":201.191,"size":96,"ttl":49}]},{"hop":16,"result":[{"from":"2a00:1288:110:fc48::1","rtt":202.473,"size":96,"ttl":239},{"from":"2a00:1288:110:fc48::1","rtt":201.924,"size":96,"ttl":239},{"from":"2a00:1288:110:fc48::1","rtt":201.618,"size":96,"ttl":239}]},{"hop":17,"result":[{"from":"2a00:1288:110:2::3007","rtt":199.839,"size":48,"ttl":47},{"from":"2a00:1288:110:2::3007","rtt":199.298,"size":48,"ttl":47},{"from":"2a00:1288:110:2::3007","rtt":199.657,"size":48,"ttl":47}]}],"size":48,"src_addr":"2c0f:f0b8:1200:0:d66e:eff:fe23:58ca","stored_timestamp":1512431252,"timestamp":1512431197,"type":"traceroute"}]