[{"af":6,"dst_addr":"2620:0:862:ed1a::1","dst_name":"2620:0:862:ed1a::1","endtime":1512431029,"from":"2c0f:feb0:b:1::8","fw":4780,"group_id":10409525,"lts":24,"msm_id":10409525,"msm_name":"Traceroute","paris_id":1,"prb_id":25355,"proto":"ICMP","result":[{"hop":1,"result":[{"from":"2c0f:feb0:b:1::ff7e","rtt":5.351,"size":96,"ttl":64},{"from":"2c0f:feb0:b:1::ff7e","rtt":0.914,"size":96,"ttl":64},{"from":"2c0f:feb0:b:1::ff7e","rtt":0.658,"size":96,"ttl":64}]},{"hop":2,"result":[{"from":"2c0f:feb0:b::1","rtt":3.133,"size":96,"ttl":63},{"from":"2c0f:feb0:b::1","rtt":1.392,"size":96,"ttl":63},{"from":"2c0f:feb0:b::1","rtt":1.589,"size":96,"ttl":63}]},{"hop":3,"result":[{"from":"2c0f:feb0:1:2::de","rtt":18.04,"size":96,"ttl":62},{"x":"*"},{"x":"*"}]},{"hop":4,"result":[{"x":"*"},{"x":"*"},{"x":"*"}]},{"hop":5,"result":[{"from":"2c0f:feb0:1:2::35e","rtt":164.436,"size":96,"ttl":60},{"from":"2c0f:feb0:1:2::35e","rtt":164.384,"size":96,"ttl":60},{"from":"2c0f:feb0:1:2::35e","rtt":164.412,"size":96,"ttl":60}]},{"hop":6,"result":[{"from":"2c0f:feb0:1:2::10a","rtt":164.584,"size":96,"ttl":59},{"from":"2c0f:feb0:1:2::10a","rtt":164.584,"size":96,"ttl":59},{"from":"2c0f:feb0:1:2::10a","rtt":164.57,"size":96,"ttl":59}]},{"hop":7,"result":[{"from":"2001:7f8:1::a501:4907:1","rtt":165.285,"size":96,"ttl":58},{"from":"2001:7f8:1::a501:4907:1","rtt":165.25,"size":96,"ttl":58},{"from":"2001:7f8:1::a501:4907:1","rtt":165.171,"size":96,"ttl":58}]},{"hop":8,"result":[{"from":"2620:0:862:ed1a::1","rtt":165.07,"size":48,"ttl":57},{"from":"2620:0:862:ed1a::1","rtt":165.165,"size":48,"ttl":57},{"from":"2620:0:862:ed1a::1","rtt":165.142,"size":48,"ttl":57}]}],"size":48,"src_addr":"2c0f:feb0:b:1::8","stored_timestamp":1512431102,"timestamp":1512431007,"type":"traceroute"}]