[{"af":6,"dst_addr":"2a03:2880:f106:83:face:b00c:0:25de","dst_name":"2a03:2880:f106:83:face:b00c:0:25de","endtime":1512431492,"from":"2c0f:feb0:a:1::2","fw":4780,"group_id":10409799,"lts":8,"msm_id":10409799,"msm_name":"Traceroute","paris_id":1,"prb_id":13734,"proto":"ICMP","result":[{"hop":1,"result":[{"from":"2c0f:feb0:a:1::ff7e","rtt":0.659,"size":96,"ttl":64},{"from":"2c0f:feb0:a:1::ff7e","rtt":0.54,"size":96,"ttl":64},{"from":"2c0f:feb0:a:1::ff7e","rtt":0.593,"size":96,"ttl":64}]},{"hop":2,"result":[{"x":"*"},{"x":"*"},{"from":"2c0f:feb0:a::1:1","rtt":4.085,"size":96,"ttl":63}]},{"hop":3,"result":[{"x":"*"},{"x":"*"},{"x":"*"}]},{"hop":4,"result":[{"from":"2c0f:feb0:1:2::f2","rtt":169.487,"size":96,"ttl":61},{"from":"2c0f:feb0:1:2::f2","rtt":169.483,"size":96,"ttl":61},{"from":"2c0f:feb0:1:2::f2","rtt":169.513,"size":96,"ttl":61}]},{"hop":5,"result":[{"from":"2c0f:feb0:1:2::10a","rtt":169.514,"size":96,"ttl":60},{"from":"2c0f:feb0:1:2::10a","rtt":169.487,"size":96,"ttl":60},{"from":"2c0f:feb0:1:2::10a","rtt":169.523,"size":96,"ttl":60}]},{"hop":6,"result":[{"x":"*"},{"x":"*"},{"x":"*"}]},{"hop":7,"result":[{"from":"2620:0:1cff:dead:beef::2e0","rtt":169.127,"size":96,"ttl":55},{"from":"2620:0:1cff:dead:beef::2e0","rtt":169.019,"size":96,"ttl":55},{"from":"2620:0:1cff:dead:beef::2e0","rtt":169.027,"size":96,"ttl":55}]},{"hop":8,"result":[{"from":"2620:0:1cff:dead:beef::1af3","rtt":168.788,"size":96,"ttl":54},{"from":"2620:0:1cff:dead:beef::1af3","rtt":169.021,"size":96,"ttl":54},{"from":"2620:0:1cff:dead:beef::1af3","rtt":168.824,"size":96,"ttl":54}]},{"hop":9,"result":[{"from":"2a03:2880:f006:ffff::27b","rtt":170.326,"size":96,"ttl":53},{"from":"2a03:2880:f006:ffff::27b","rtt":170.393,"size":96,"ttl":53},{"from":"2a03:2880:f006:ffff::27b","rtt":170.349,"size":96,"ttl":53}]},{"hop":10,"result":[{"from":"2a03:2880:f106:83:face:b00c:0:25de","rtt":169.15,"size":48,"ttl":52},{"from":"2a03:2880:f106:83:face:b00c:0:25de","rtt":169.176,"size":48,"ttl":52},{"from":"2a03:2880:f106:83:face:b00c:0:25de","rtt":169.192,"size":48,"ttl":52}]}],"size":48,"src_addr":"2c0f:feb0:a:1::2","stored_timestamp":1512431527,"timestamp":1512431457,"type":"traceroute"}]