[{"af":6,"dst_addr":"2a03:2880:f106:83:face:b00c:0:25de","dst_name":"2a03:2880:f106:83:face:b00c:0:25de","endtime":1512431417,"from":"2001:7f0:1:3237::2","fw":4780,"group_id":10409749,"lts":54,"msm_id":10409749,"msm_name":"Traceroute","paris_id":1,"prb_id":15724,"proto":"ICMP","result":[{"hop":1,"result":[{"from":"2001:7f0:1:3237::1","rtt":8.092,"size":96,"ttl":64},{"from":"2001:7f0:1:3237::1","rtt":0.603,"size":96,"ttl":64},{"from":"2001:7f0:1:3237::1","rtt":0.553,"size":96,"ttl":64}]},{"hop":2,"result":[{"from":"2001:7f0:0:2e::1","rtt":10.461,"size":96,"ttl":63},{"from":"2001:7f0:0:2e::1","rtt":10.461,"size":96,"ttl":63},{"from":"2001:7f0:0:2e::1","rtt":10.665,"size":96,"ttl":63}]},{"hop":3,"result":[{"from":"2001:7f0:0:27::2","rtt":14.806,"size":96,"ttl":62},{"from":"2001:7f0:0:27::2","rtt":14.827,"size":96,"ttl":62},{"from":"2001:7f0:0:27::2","rtt":15.251,"size":96,"ttl":62}]},{"hop":4,"result":[{"from":"2001:7f8:1::a503:2934:2","rtt":15.302,"size":96,"ttl":61},{"from":"2001:7f8:1::a503:2934:2","rtt":15.271,"size":96,"ttl":61},{"from":"2001:7f8:1::a503:2934:2","rtt":15.278,"size":96,"ttl":61}]},{"hop":5,"result":[{"from":"2620:0:1cff:dead:beef::520","rtt":15.732,"size":96,"ttl":60},{"from":"2620:0:1cff:dead:beef::520","rtt":15.69,"size":96,"ttl":60},{"from":"2620:0:1cff:dead:beef::520","rtt":15.693,"size":96,"ttl":60}]},{"hop":6,"result":[{"from":"2620:0:1cff:dead:beef::1ae3","rtt":15.803,"size":96,"ttl":59},{"from":"2620:0:1cff:dead:beef::1ae3","rtt":15.878,"size":96,"ttl":59},{"from":"2620:0:1cff:dead:beef::1ae3","rtt":15.752,"size":96,"ttl":59}]},{"hop":7,"result":[{"from":"2a03:2880:f006:ffff::211","rtt":15.747,"size":96,"ttl":58},{"from":"2a03:2880:f006:ffff::211","rtt":15.614,"size":96,"ttl":58},{"from":"2a03:2880:f006:ffff::211","rtt":15.574,"size":96,"ttl":58}]},{"hop":8,"result":[{"from":"2a03:2880:f106:83:face:b00c:0:25de","rtt":15.376,"size":48,"ttl":57},{"from":"2a03:2880:f106:83:face:b00c:0:25de","rtt":15.392,"size":48,"ttl":57},{"from":"2a03:2880:f106:83:face:b00c:0:25de","rtt":15.321,"size":48,"ttl":57}]}],"size":48,"src_addr":"2001:7f0:1:3237::2","stored_timestamp":1512431444,"timestamp":1512431416,"type":"traceroute"}]