[{"af":6,"dst_addr":"2620:109:c007:102::5be1:f881","dst_name":"2620:109:c007:102::5be1:f881","endtime":1512431461,"from":"2a03:1c00:0:2::2","fw":4780,"group_id":10409793,"lts":52,"msm_id":10409793,"msm_name":"Traceroute","paris_id":1,"prb_id":13964,"proto":"ICMP","result":[{"hop":1,"result":[{"from":"2a03:1c00:0:2::1","rtt":8.305,"size":96,"ttl":64},{"from":"2a03:1c00:0:2::1","rtt":1.128,"size":96,"ttl":64},{"from":"2a03:1c00:0:2::1","rtt":0.899,"size":96,"ttl":64}]},{"hop":2,"result":[{"from":"2a03:1c00:0:1::226","rtt":0.861,"size":96,"ttl":63},{"from":"2a03:1c00:0:1::226","rtt":0.856,"size":96,"ttl":63},{"from":"2a03:1c00:0:1::226","rtt":0.852,"size":96,"ttl":63}]},{"hop":3,"result":[{"from":"2a02:2578:2000:2::2","rtt":90.666,"size":96,"ttl":56},{"from":"2a02:2578:2000:2::2","rtt":90.287,"size":96,"ttl":56},{"from":"2a02:2578:2000:2::2","rtt":90.352,"size":96,"ttl":56}]},{"hop":4,"result":[{"from":"2a02:2578:0:2::1","rtt":88.788,"size":96,"ttl":58},{"from":"2a02:2578:0:2::1","rtt":88.747,"size":96,"ttl":58},{"from":"2a02:2578:0:2::1","rtt":88.706,"size":96,"ttl":58}]},{"hop":5,"result":[{"from":"2001:16a0:1:2012::1","rtt":93.684,"size":96,"ttl":59},{"from":"2001:16a0:1:2012::1","rtt":91.163,"size":96,"ttl":59},{"from":"2001:16a0:1:2012::1","rtt":91.203,"size":96,"ttl":59}]},{"hop":6,"result":[{"from":"2001:16a0:1:0:84:235:123:6","rtt":97.64,"size":96,"ttl":59},{"from":"2001:16a0:1:0:84:235:123:6","rtt":97.56,"size":96,"ttl":59},{"from":"2001:16a0:1:0:84:235:123:6","rtt":97.589,"size":96,"ttl":59}]},{"hop":7,"result":[{"from":"2001:2000:3080:6f0::1","rtt":92.814,"size":96,"ttl":59},{"from":"2001:2000:3080:6f0::1","rtt":92.783,"size":96,"ttl":59},{"from":"2001:2000:3080:6f0::1","rtt":92.798,"size":96,"ttl":59}]},{"hop":8,"result":[{"from":"2001:2000:3019:bf::1","icmpext":{"obj":[{"class":0,"type":0}],"rfc4884":1,"version":0},"rtt":99.975,"size":144,"ttl":56},{"from":"2001:2000:3019:bf::1","icmpext":{"obj":[{"class":0,"type":0}],"rfc4884":1,"version":0},"rtt":100.078,"size":144,"ttl":56},{"from":"2001:2000:3019:bf::1","icmpext":{"obj":[{"class":0,"type":0}],"rfc4884":1,"version":0},"rtt":99.981,"size":144,"ttl":56}]},{"hop":9,"result":[{"from":"2001:2000:3019:79::1","icmpext":{"obj":[{"class":1,"mpls":[{"exp":0,"label":299898,"s":0,"ttl":1},{"exp":0,"label":2,"s":1,"ttl":2}],"type":1}],"rfc4884":0,"version":2},"ittl":2,"rtt":100.166,"size":144,"ttl":55},{"from":"2001:2000:3019:79::1","icmpext":{"obj":[{"class":1,"mpls":[{"exp":0,"label":299898,"s":0,"ttl":1},{"exp":0,"label":2,"s":1,"ttl":2}],"type":1}],"rfc4884":0,"version":2},"ittl":2,"rtt":101.108,"size":144,"ttl":55},{"from":"2001:2000:3019:79::1","icmpext":{"obj":[{"class":1,"mpls":[{"exp":0,"label":299898,"s":0,"ttl":1},{"exp":0,"label":2,"s":1,"ttl":2}],"type":1}],"rfc4884":0,"version":2},"ittl":2,"rtt":101.147,"size":144,"ttl":55}]},{"hop":10,"result":[{"from":"2001:2000:3018:77::1","rtt":100.146,"size":96,"ttl":57},{"from":"2001:2000:3018:77::1","rtt":99.852,"size":96,"ttl":57},{"from":"2001:2000:3018:77::1","rtt":100.047,"size":96,"ttl":57}]},{"hop":11,"result":[{"from":"2001:2000:3080:632::2","rtt":100.068,"size":96,"ttl":56},{"from":"2001:2000:3080:632::2","rtt":102.475,"size":96,"ttl":56},{"from":"2001:2000:3080:632::2","rtt":100.002,"size":96,"ttl":56}]},{"hop":12,"result":[{"from":"2620:109:c000:113::2","rtt":117.145,"size":96,"ttl":246},{"from":"2620:109:c000:113::2","rtt":100.877,"size":96,"ttl":246},{"from":"2620:109:c000:113::2","rtt":100.684,"size":96,"ttl":246}]},{"hop":13,"result":[{"from":"2620:109:c007:102::5be1:f881","rtt":99.901,"size":48,"ttl":54},{"from":"2620:109:c007:102::5be1:f881","rtt":99.962,"size":48,"ttl":54},{"from":"2620:109:c007:102::5be1:f881","rtt":100.23,"size":48,"ttl":54}]}],"size":48,"src_addr":"2a03:1c00:0:2::2","stored_timestamp":1512431499,"timestamp":1512431457,"type":"traceroute"}]