[{"af":6,"dst_addr":"2620:0:862:ed1a::1","dst_name":"2620:0:862:ed1a::1","endtime":1512431487,"from":"2801:1a0:5:70:a2f3:c1ff:fec4:3b52","fw":4780,"group_id":10409825,"lts":1,"msm_id":10409825,"msm_name":"Traceroute","paris_id":1,"prb_id":12833,"proto":"ICMP","result":[{"hop":1,"result":[{"from":"2801:1a0:5:70::1","rtt":8.232,"size":96,"ttl":64},{"from":"2801:1a0:5:70::1","rtt":0.963,"size":96,"ttl":64},{"from":"2801:1a0:5:70::1","rtt":1.897,"size":96,"ttl":64}]},{"hop":2,"result":[{"from":"2801:1a0:0:3::1","rtt":0.554,"size":96,"ttl":63},{"from":"2801:1a0:0:3::1","rtt":0.533,"size":96,"ttl":63},{"from":"2801:1a0:0:3::1","rtt":0.403,"size":96,"ttl":63}]},{"hop":3,"result":[{"from":"2801:1a0:0:4::2","rtt":1.0,"size":96,"ttl":62},{"from":"2801:1a0:0:4::2","rtt":0.759,"size":96,"ttl":62},{"from":"2801:1a0:0:4::2","rtt":0.758,"size":96,"ttl":62}]},{"hop":4,"result":[{"from":"2800:490:4000::1","rtt":1.26,"size":96,"ttl":61},{"from":"2800:490:4000::1","rtt":1.074,"size":96,"ttl":61},{"from":"2800:490:4000::1","rtt":1.418,"size":96,"ttl":61}]},{"hop":5,"result":[{"from":"2800:310:400::15","rtt":3.006,"size":96,"ttl":60},{"from":"2800:310:400::15","rtt":2.949,"size":96,"ttl":60},{"from":"2800:310:400::15","rtt":2.744,"size":96,"ttl":60}]},{"hop":6,"result":[{"from":"2600:3:2000:2::3f","rtt":6.675,"size":96,"ttl":59},{"from":"2600:3:2000:2::3f","rtt":6.44,"size":96,"ttl":59},{"from":"2600:3:2000:2::3f","rtt":6.447,"size":96,"ttl":59}]},{"hop":7,"result":[{"from":"2600:3:2000:2::3e","rtt":67.326,"size":96,"ttl":58},{"from":"2600:3:2000:2::3e","rtt":66.702,"size":96,"ttl":58},{"from":"2600:3:2000:2::3e","rtt":66.579,"size":96,"ttl":58}]},{"hop":8,"result":[{"from":"2600:0:2:1239:144:232:14:219","rtt":68.057,"size":96,"ttl":57},{"x":"*"},{"from":"2600:0:2:1239:144:232:14:219","rtt":69.543,"size":96,"ttl":57}]},{"hop":9,"result":[{"from":"2600:0:2:1239:144:232:6:252","rtt":79.23,"size":96,"ttl":56},{"from":"2600:0:2:1239:144:232:6:252","rtt":77.612,"size":96,"ttl":56},{"from":"2600:0:2:1239:144:232:6:252","rtt":77.509,"size":96,"ttl":56}]},{"hop":10,"result":[{"from":"2600:0:2:1239:144:232:7:190","rtt":89.558,"size":96,"ttl":55},{"from":"2600:0:2:1239:144:232:7:190","rtt":89.357,"size":96,"ttl":55},{"from":"2600:0:2:1239:144:232:7:190","rtt":89.385,"size":96,"ttl":55}]},{"hop":11,"result":[{"from":"2600:0:2:1239:144:232:14:6","rtt":89.376,"size":96,"ttl":54},{"from":"2600:0:2:1239:144:232:14:6","rtt":89.111,"size":96,"ttl":54},{"from":"2600:0:2:1239:144:232:14:6","rtt":89.38,"size":96,"ttl":54}]},{"hop":12,"result":[{"from":"2600:0:2:1239:144:232:25:230","rtt":99.941,"size":96,"ttl":52},{"from":"2600:0:2:1239:144:232:25:230","rtt":96.968,"size":96,"ttl":52},{"from":"2600:0:2:1239:144:232:25:230","rtt":97.275,"size":96,"ttl":52}]},{"hop":13,"result":[{"from":"2600:0:2:1239:144:232:1:40","rtt":94.447,"size":96,"ttl":51},{"from":"2600:0:2:1239:144:232:1:40","rtt":94.632,"size":96,"ttl":51},{"from":"2600:0:2:1239:144:232:1:40","rtt":94.453,"size":96,"ttl":51}]},{"hop":14,"result":[{"from":"2600:1:2000::29","rtt":94.644,"size":96,"ttl":51},{"from":"2600:1:2000::29","rtt":94.678,"size":96,"ttl":51},{"from":"2600:1:2000::29","rtt":94.7,"size":96,"ttl":51}]},{"hop":15,"result":[{"from":"2a01:450::1:35","icmpext":{"obj":[{"class":1,"mpls":[{"exp":0,"label":428413,"s":0,"ttl":1},{"exp":0,"label":2,"s":1,"ttl":1}],"type":1}],"rfc4884":0,"version":2},"rtt":162.19,"size":144,"ttl":47},{"from":"2a01:450::1:35","icmpext":{"obj":[{"class":1,"mpls":[{"exp":0,"label":428413,"s":0,"ttl":1},{"exp":0,"label":2,"s":1,"ttl":1}],"type":1}],"rfc4884":0,"version":2},"rtt":168.556,"size":144,"ttl":47},{"from":"2a01:450::1:35","icmpext":{"obj":[{"class":1,"mpls":[{"exp":0,"label":428413,"s":0,"ttl":1},{"exp":0,"label":2,"s":1,"ttl":1}],"type":1}],"rfc4884":0,"version":2},"rtt":162.388,"size":144,"ttl":47}]},{"hop":16,"result":[{"from":"2a01:450::1:17","icmpext":{"obj":[{"class":1,"mpls":[{"exp":0,"label":737905,"s":0,"ttl":1},{"exp":0,"label":2,"s":1,"ttl":2}],"type":1}],"rfc4884":0,"version":2},"ittl":2,"rtt":162.376,"size":144,"ttl":49},{"from":"2a01:450::1:17","icmpext":{"obj":[{"class":1,"mpls":[{"exp":0,"label":737905,"s":0,"ttl":1},{"exp":0,"label":2,"s":1,"ttl":2}],"type":1}],"rfc4884":0,"version":2},"ittl":2,"rtt":162.909,"size":144,"ttl":49},{"from":"2a01:450::1:17","icmpext":{"obj":[{"class":1,"mpls":[{"exp":0,"label":737905,"s":0,"ttl":1},{"exp":0,"label":2,"s":1,"ttl":2}],"type":1}],"rfc4884":0,"version":2},"ittl":2,"rtt":162.62,"size":144,"ttl":49}]},{"hop":17,"result":[{"from":"2a01:450::1:1","icmpext":{"obj":[{"class":1,"mpls":[{"exp":0,"label":390754,"s":0,"ttl":1},{"exp":0,"label":2,"s":1,"ttl":3}],"type":1}],"rfc4884":0,"version":2},"ittl":3,"rtt":170.517,"size":144,"ttl":49},{"from":"2a01:450::1:1","icmpext":{"obj":[{"class":1,"mpls":[{"exp":0,"label":390754,"s":0,"ttl":1},{"exp":0,"label":2,"s":1,"ttl":3}],"type":1}],"rfc4884":0,"version":2},"ittl":3,"rtt":169.511,"size":144,"ttl":49},{"from":"2a01:450::1:1","icmpext":{"obj":[{"class":1,"mpls":[{"exp":0,"label":390754,"s":0,"ttl":1},{"exp":0,"label":2,"s":1,"ttl":3}],"type":1}],"rfc4884":0,"version":2},"ittl":3,"rtt":169.283,"size":144,"ttl":49}]},{"hop":18,"result":[{"from":"2a01:450::1:25","icmpext":{"obj":[{"class":1,"mpls":[{"exp":0,"label":376216,"s":0,"ttl":1},{"exp":0,"label":2,"s":1,"ttl":4}],"type":1}],"rfc4884":0,"version":2},"ittl":4,"rtt":173.805,"size":144,"ttl":51},{"from":"2a01:450::1:25","icmpext":{"obj":[{"class":1,"mpls":[{"exp":0,"label":376216,"s":0,"ttl":1},{"exp":0,"label":2,"s":1,"ttl":4}],"type":1}],"rfc4884":0,"version":2},"ittl":4,"rtt":173.724,"size":144,"ttl":51},{"from":"2a01:450::1:25","icmpext":{"obj":[{"class":1,"mpls":[{"exp":0,"label":376216,"s":0,"ttl":1},{"exp":0,"label":2,"s":1,"ttl":4}],"type":1}],"rfc4884":0,"version":2},"ittl":4,"rtt":173.685,"size":144,"ttl":51}]},{"hop":19,"result":[{"from":"2a01:450::1:24","rtt":167.929,"size":96,"ttl":48},{"from":"2a01:450::1:24","rtt":167.897,"size":96,"ttl":48},{"from":"2a01:450::1:24","rtt":167.844,"size":96,"ttl":48}]},{"hop":20,"result":[{"from":"2a01:450:2::1:a","rtt":166.691,"size":96,"ttl":55},{"from":"2a01:450:2::1:a","rtt":166.655,"size":96,"ttl":55},{"from":"2a01:450:2::1:a","rtt":166.658,"size":96,"ttl":55}]},{"hop":21,"result":[{"from":"2620:0:862:fe03::1","rtt":166.628,"size":96,"ttl":56},{"from":"2620:0:862:fe03::1","rtt":166.946,"size":96,"ttl":56},{"from":"2620:0:862:fe03::1","rtt":166.654,"size":96,"ttl":56}]},{"hop":22,"result":[{"from":"2620:0:862:ed1a::1","rtt":185.276,"size":48,"ttl":55},{"from":"2620:0:862:ed1a::1","rtt":185.098,"size":48,"ttl":55},{"from":"2620:0:862:ed1a::1","rtt":185.17,"size":48,"ttl":55}]}],"size":48,"src_addr":"2801:1a0:5:70:a2f3:c1ff:fec4:3b52","stored_timestamp":1512431528,"timestamp":1512431477,"type":"traceroute"}]