[{"af":6,"dst_addr":"2a00:1450:400e:808::2004","dst_name":"2a00:1450:400e:808::2004","endtime":1512431017,"from":"2c0f:feb0:b:1::8","fw":4780,"group_id":10409520,"lts":12,"msm_id":10409520,"msm_name":"Traceroute","paris_id":1,"prb_id":25355,"proto":"ICMP","result":[{"hop":1,"result":[{"from":"2c0f:feb0:b:1::ff7e","rtt":5.774,"size":96,"ttl":64},{"from":"2c0f:feb0:b:1::ff7e","rtt":0.96,"size":96,"ttl":64},{"from":"2c0f:feb0:b:1::ff7e","rtt":0.871,"size":96,"ttl":64}]},{"hop":2,"result":[{"from":"2c0f:feb0:b::8","rtt":0.636,"size":96,"ttl":63},{"from":"2c0f:feb0:b::8","rtt":0.627,"size":96,"ttl":63},{"from":"2c0f:feb0:b::8","rtt":0.672,"size":96,"ttl":63}]},{"hop":3,"result":[{"from":"2001:4860:1:1:0:90ec:0:1","rtt":0.72,"size":96,"ttl":62},{"from":"2001:4860:1:1:0:90ec:0:1","rtt":0.579,"size":96,"ttl":62},{"from":"2001:4860:1:1:0:90ec:0:1","rtt":0.643,"size":96,"ttl":62}]},{"hop":4,"result":[{"from":"2001:4860::9:4000:ce66","rtt":156.435,"size":96,"ttl":58},{"from":"2001:4860::9:4000:ce66","rtt":156.424,"size":96,"ttl":58},{"from":"2001:4860::9:4000:ce66","rtt":162.422,"size":96,"ttl":58}]},{"hop":5,"result":[{"from":"2607:f8b0:e000:8000::6","icmpext":{"obj":[{"class":0,"type":0}],"rfc4884":1,"version":0},"rtt":163.626,"size":144,"ttl":56},{"from":"2607:f8b0:e000:8000::6","icmpext":{"obj":[{"class":0,"type":0}],"rfc4884":1,"version":0},"rtt":163.93,"size":144,"ttl":56},{"from":"2607:f8b0:e000:8000::6","icmpext":{"obj":[{"class":0,"type":0}],"rfc4884":1,"version":0},"rtt":163.833,"size":144,"ttl":56}]},{"hop":6,"result":[{"from":"2607:f8b0:e000:8000::4","icmpext":{"obj":[{"class":0,"type":0}],"rfc4884":1,"version":0},"ittl":2,"rtt":164.731,"size":144,"ttl":56},{"from":"2607:f8b0:e000:8000::4","icmpext":{"obj":[{"class":0,"type":0}],"rfc4884":1,"version":0},"ittl":2,"rtt":164.484,"size":144,"ttl":56},{"from":"2607:f8b0:e000:8000::4","icmpext":{"obj":[{"class":0,"type":0}],"rfc4884":1,"version":0},"ittl":2,"rtt":164.771,"size":144,"ttl":56}]},{"hop":7,"result":[{"from":"2001:4860::1:0:cd13","rtt":163.494,"size":96,"ttl":57},{"from":"2001:4860::1:0:cd13","rtt":163.574,"size":96,"ttl":57},{"from":"2001:4860::1:0:cd13","rtt":163.491,"size":96,"ttl":57}]},{"hop":8,"result":[{"x":"*"},{"x":"*"},{"x":"*"}]},{"hop":9,"result":[{"from":"2001:4860:0:1::2157","rtt":163.705,"size":96,"ttl":55},{"from":"2001:4860:0:1::2157","rtt":163.601,"size":96,"ttl":55},{"from":"2001:4860:0:1::2157","rtt":163.564,"size":96,"ttl":55}]},{"hop":10,"result":[{"from":"2a00:1450:400e:808::2004","rtt":163.472,"size":48,"ttl":54},{"from":"2a00:1450:400e:808::2004","rtt":163.704,"size":48,"ttl":54},{"from":"2a00:1450:400e:808::2004","rtt":163.436,"size":48,"ttl":54}]}],"size":48,"src_addr":"2c0f:feb0:b:1::8","stored_timestamp":1512431042,"timestamp":1512431002,"type":"traceroute"}]