[{"af":6,"dst_addr":"2a02:26f0:7b:48a::102d","dst_name":"2a02:26f0:7b:48a::102d","endtime":1512431465,"from":"2a03:1c00:0:2::2","fw":4780,"group_id":10409791,"lts":56,"msm_id":10409791,"msm_name":"Traceroute","paris_id":1,"prb_id":13964,"proto":"ICMP","result":[{"hop":1,"result":[{"from":"2a03:1c00:0:2::1","rtt":0.835,"size":96,"ttl":64},{"from":"2a03:1c00:0:2::1","rtt":0.606,"size":96,"ttl":64},{"from":"2a03:1c00:0:2::1","rtt":0.563,"size":96,"ttl":64}]},{"hop":2,"result":[{"from":"2a03:1c00:0:1::226","rtt":0.723,"size":96,"ttl":63},{"from":"2a03:1c00:0:1::226","rtt":0.619,"size":96,"ttl":63},{"from":"2a03:1c00:0:1::226","rtt":0.652,"size":96,"ttl":63}]},{"hop":3,"result":[{"from":"2a02:2578:2000:2::2","rtt":90.532,"size":96,"ttl":56},{"from":"2a02:2578:2000:2::2","rtt":90.325,"size":96,"ttl":56},{"from":"2a02:2578:2000:2::2","rtt":90.418,"size":96,"ttl":56}]},{"hop":4,"result":[{"from":"2a02:2578:0:2::1","rtt":91.674,"size":96,"ttl":58},{"from":"2a02:2578:0:2::1","rtt":88.731,"size":96,"ttl":58},{"from":"2a02:2578:0:2::1","rtt":88.671,"size":96,"ttl":58}]},{"hop":5,"result":[{"from":"2001:16a0:1:2020::1","rtt":89.231,"size":96,"ttl":59},{"from":"2001:16a0:1:2020::1","rtt":90.503,"size":96,"ttl":59},{"from":"2001:16a0:1:2020::1","rtt":89.312,"size":96,"ttl":59}]},{"hop":6,"result":[{"from":"2001:16a0:1:0:84:235:121:2","rtt":178.614,"size":96,"ttl":59},{"from":"2001:16a0:1:0:84:235:121:2","rtt":178.69,"size":96,"ttl":59},{"from":"2001:16a0:1:0:84:235:121:2","rtt":178.697,"size":96,"ttl":59}]},{"hop":7,"result":[{"x":"*"},{"x":"*"},{"x":"*"}]},{"hop":8,"result":[{"from":"2a02:26f0:7b:48a::102d","rtt":90.424,"size":48,"ttl":57},{"from":"2a02:26f0:7b:48a::102d","rtt":90.48,"size":48,"ttl":57},{"from":"2a02:26f0:7b:48a::102d","rtt":90.485,"size":48,"ttl":57}]}],"size":48,"src_addr":"2a03:1c00:0:2::2","stored_timestamp":1512431499,"timestamp":1512431451,"type":"traceroute"}]