[{"af":6,"dst_addr":"2a01:578:3::3433:12c6","dst_name":"2a01:578:3::3433:12c6","endtime":1512431547,"from":"2a03:1c00:0:2::2","fw":4780,"group_id":10409795,"lts":53,"msm_id":10409795,"msm_name":"Traceroute","paris_id":1,"prb_id":13964,"proto":"ICMP","result":[{"hop":1,"result":[{"from":"2a03:1c00:0:2::1","rtt":0.845,"size":96,"ttl":64},{"from":"2a03:1c00:0:2::1","rtt":0.654,"size":96,"ttl":64},{"from":"2a03:1c00:0:2::1","rtt":0.585,"size":96,"ttl":64}]},{"hop":2,"result":[{"from":"2a03:1c00:0:1::226","rtt":0.69,"size":96,"ttl":63},{"from":"2a03:1c00:0:1::226","rtt":0.678,"size":96,"ttl":63},{"from":"2a03:1c00:0:1::226","rtt":0.643,"size":96,"ttl":63}]},{"hop":3,"result":[{"from":"2a03:1c00:0:1::224","rtt":0.716,"size":96,"ttl":63},{"from":"2a03:1c00:0:1::224","rtt":0.704,"size":96,"ttl":63},{"from":"2a03:1c00:0:1::224","rtt":0.747,"size":96,"ttl":63}]},{"hop":4,"result":[{"from":"2a01:87c0:0:feed:2::","rtt":87.789,"size":96,"ttl":62},{"from":"2a01:87c0:0:feed:2::","rtt":87.895,"size":96,"ttl":62},{"from":"2a01:87c0:0:feed:2::","rtt":87.811,"size":96,"ttl":62}]},{"hop":5,"result":[{"from":"2001:668:0:3::4000:a91","rtt":92.442,"size":96,"ttl":61},{"from":"2001:668:0:3::4000:a91","rtt":87.781,"size":96,"ttl":61},{"from":"2001:668:0:3::4000:a91","rtt":87.83,"size":96,"ttl":61}]},{"hop":6,"result":[{"from":"2001:668:0:2:ffff:0:5995:855d","rtt":87.926,"size":96,"ttl":60},{"from":"2001:668:0:2:ffff:0:5995:855d","rtt":87.876,"size":96,"ttl":60},{"from":"2001:668:0:2:ffff:0:5995:855d","rtt":87.817,"size":96,"ttl":60}]},{"hop":7,"result":[{"from":"2001:668:0:3:ffff:0:2e21:538a","rtt":87.918,"size":96,"ttl":59},{"from":"2001:668:0:3:ffff:0:2e21:538a","rtt":87.879,"size":96,"ttl":59},{"from":"2001:668:0:3:ffff:0:2e21:538a","rtt":87.98,"size":96,"ttl":59}]},{"hop":8,"result":[{"x":"*"},{"x":"*"},{"x":"*"}]},{"hop":9,"result":[{"from":"2a01:578:0:12::24","icmpext":{"obj":[{"class":1,"mpls":[{"exp":0,"label":304624,"s":0,"ttl":1},{"exp":0,"label":2,"s":1,"ttl":2}],"type":1}],"rfc4884":0,"version":2},"ittl":2,"rtt":99.558,"size":144,"ttl":44},{"from":"2a01:578:0:12::24","icmpext":{"obj":[{"class":1,"mpls":[{"exp":0,"label":304624,"s":0,"ttl":1},{"exp":0,"label":2,"s":1,"ttl":2}],"type":1}],"rfc4884":0,"version":2},"ittl":2,"rtt":99.415,"size":144,"ttl":44},{"from":"2a01:578:0:12::24","icmpext":{"obj":[{"class":1,"mpls":[{"exp":0,"label":304624,"s":0,"ttl":1},{"exp":0,"label":2,"s":1,"ttl":2}],"type":1}],"rfc4884":0,"version":2},"ittl":2,"rtt":99.555,"size":144,"ttl":44}]},{"hop":10,"result":[{"x":"*"},{"x":"*"},{"x":"*"}]},{"hop":11,"result":[{"x":"*"},{"x":"*"},{"x":"*"}]},{"hop":12,"result":[{"from":"2a01:578:0:10::b","icmpext":{"obj":[{"class":1,"mpls":[{"exp":0,"label":325312,"s":0,"ttl":1},{"exp":0,"label":2,"s":1,"ttl":5}],"type":1}],"rfc4884":0,"version":2},"ittl":5,"rtt":99.556,"size":144,"ttl":45},{"from":"2a01:578:0:10::b","icmpext":{"obj":[{"class":1,"mpls":[{"exp":0,"label":325312,"s":0,"ttl":1},{"exp":0,"label":2,"s":1,"ttl":5}],"type":1}],"rfc4884":0,"version":2},"ittl":5,"rtt":99.19,"size":144,"ttl":45},{"from":"2a01:578:0:10::b","icmpext":{"obj":[{"class":1,"mpls":[{"exp":0,"label":325312,"s":0,"ttl":1},{"exp":0,"label":2,"s":1,"ttl":5}],"type":1}],"rfc4884":0,"version":2},"ittl":5,"rtt":100.128,"size":144,"ttl":45}]},{"hop":13,"result":[{"x":"*"},{"x":"*"},{"x":"*"}]},{"hop":14,"result":[{"from":"2a01:578::19","icmpext":{"obj":[{"class":1,"mpls":[{"exp":0,"label":412781,"s":0,"ttl":1},{"exp":0,"label":2,"s":1,"ttl":7}],"type":1}],"rfc4884":0,"version":2},"ittl":7,"rtt":99.479,"size":144,"ttl":47},{"from":"2a01:578::19","icmpext":{"obj":[{"class":1,"mpls":[{"exp":0,"label":412781,"s":0,"ttl":1},{"exp":0,"label":2,"s":1,"ttl":7}],"type":1}],"rfc4884":0,"version":2},"ittl":7,"rtt":100.351,"size":144,"ttl":49},{"from":"2a01:578::19","icmpext":{"obj":[{"class":1,"mpls":[{"exp":0,"label":412781,"s":0,"ttl":1},{"exp":0,"label":2,"s":1,"ttl":7}],"type":1}],"rfc4884":0,"version":2},"ittl":7,"rtt":98.685,"size":144,"ttl":47}]},{"hop":15,"result":[{"from":"2a01:578:0:10::1","rtt":99.434,"size":96,"ttl":51},{"from":"2a01:578:0:10::1","rtt":99.38,"size":96,"ttl":51},{"from":"2a01:578:0:10::1","rtt":99.248,"size":96,"ttl":51}]},{"hop":16,"result":[{"x":"*"},{"x":"*"},{"x":"*"}]},{"hop":17,"result":[{"x":"*"},{"x":"*"},{"x":"*"}]},{"hop":18,"result":[{"x":"*"},{"x":"*"},{"x":"*"}]},{"hop":19,"result":[{"from":"2a01:578:3::3433:12c6","rtt":99.303,"size":48,"ttl":47},{"from":"2a01:578:3::3433:12c6","rtt":99.41,"size":48,"ttl":47},{"from":"2a01:578:3::3433:12c6","rtt":99.415,"size":48,"ttl":47}]}],"size":48,"src_addr":"2a03:1c00:0:2::2","stored_timestamp":1512431560,"timestamp":1512431460,"type":"traceroute"}]