[{"af":6,"dst_addr":"2a00:1288:110:2::3007","dst_name":"2a00:1288:110:2::3007","endtime":1512431174,"from":"2800:6f0:0:2:d66e:eff:fe23:2b04","fw":4780,"group_id":10409696,"lts":51,"msm_id":10409696,"msm_name":"Traceroute","paris_id":1,"prb_id":33493,"proto":"ICMP","result":[{"hop":1,"result":[{"from":"2800:6f0:0:2::1997","rtt":3.773,"size":96,"ttl":64},{"from":"2800:6f0:0:2::1997","rtt":1.062,"size":96,"ttl":64},{"from":"2800:6f0:0:2::1997","rtt":0.781,"size":96,"ttl":64}]},{"hop":2,"result":[{"from":"2800:6f0::1993","rtt":0.939,"size":96,"ttl":63},{"from":"2800:6f0::1993","rtt":0.825,"size":96,"ttl":63},{"from":"2800:6f0::1993","rtt":0.956,"size":96,"ttl":63}]},{"hop":3,"result":[{"from":"2001:450:2002:2b9::1","rtt":0.664,"size":96,"ttl":62},{"from":"2001:450:2002:2b9::1","rtt":0.589,"size":96,"ttl":62},{"from":"2001:450:2002:2b9::1","rtt":0.586,"size":96,"ttl":62}]},{"hop":4,"result":[{"from":"2001:450:2001:1000:0:67:1716:8158","rtt":126.865,"size":96,"ttl":61},{"from":"2001:450:2001:1000:0:67:1716:8158","rtt":126.596,"size":96,"ttl":61},{"from":"2001:450:2001:1000:0:67:1716:8158","rtt":126.425,"size":96,"ttl":61}]},{"hop":5,"result":[{"x":"*"},{"x":"*"},{"x":"*"}]},{"hop":6,"result":[{"from":"2001:1900:2::3:4e","rtt":232.533,"size":96,"ttl":59},{"from":"2001:1900:2::3:4e","rtt":232.065,"size":96,"ttl":59},{"from":"2001:1900:2::3:4e","rtt":231.644,"size":96,"ttl":59}]},{"hop":7,"result":[{"from":"2001:1900:5:2:2::46de","rtt":244.704,"size":96,"ttl":59},{"from":"2001:1900:5:2:2::46de","rtt":244.659,"size":96,"ttl":59},{"from":"2001:1900:5:2:2::46de","rtt":244.647,"size":96,"ttl":59}]},{"hop":8,"result":[{"from":"2a00:1288:f020:207::1","rtt":246.566,"size":96,"ttl":58},{"from":"2a00:1288:f020:207::1","rtt":246.585,"size":96,"ttl":58},{"from":"2a00:1288:f020:207::1","rtt":246.575,"size":96,"ttl":58}]},{"hop":9,"result":[{"from":"2a00:1288:110:fe0f::1","rtt":252.299,"size":96,"ttl":248},{"from":"2a00:1288:110:fe0f::1","rtt":252.172,"size":96,"ttl":248},{"from":"2a00:1288:110:fe0f::1","rtt":252.748,"size":96,"ttl":248}]},{"hop":10,"result":[{"from":"2a00:1288:110:2::3007","rtt":244.847,"size":48,"ttl":56},{"from":"2a00:1288:110:2::3007","rtt":244.835,"size":48,"ttl":56},{"from":"2a00:1288:110:2::3007","rtt":244.806,"size":48,"ttl":56}]}],"size":48,"src_addr":"2800:6f0:0:2:d66e:eff:fe23:2b04","stored_timestamp":1512431230,"timestamp":1512431158,"type":"traceroute"}]