[{"af":6,"dst_addr":"2620:0:862:ed1a::1","dst_name":"2620:0:862:ed1a::1","endtime":1512431175,"from":"2800:6f0:0:2:d66e:eff:fe23:2b04","fw":4780,"group_id":10409694,"lts":52,"msm_id":10409694,"msm_name":"Traceroute","paris_id":1,"prb_id":33493,"proto":"ICMP","result":[{"hop":1,"result":[{"from":"2800:6f0:0:2::1997","rtt":1.525,"size":96,"ttl":64},{"from":"2800:6f0:0:2::1997","rtt":0.656,"size":96,"ttl":64},{"from":"2800:6f0:0:2::1997","rtt":0.61,"size":96,"ttl":64}]},{"hop":2,"result":[{"from":"2800:6f0::1993","rtt":0.691,"size":96,"ttl":63},{"from":"2800:6f0::1993","rtt":0.644,"size":96,"ttl":63},{"from":"2800:6f0::1993","rtt":4.829,"size":96,"ttl":63}]},{"hop":3,"result":[{"from":"2001:450:2002:2b9::1","rtt":0.476,"size":96,"ttl":62},{"from":"2001:450:2002:2b9::1","rtt":0.47,"size":96,"ttl":62},{"from":"2001:450:2002:2b9::1","rtt":0.463,"size":96,"ttl":62}]},{"hop":4,"result":[{"from":"2001:450:2001:1000:0:67:1716:8158","rtt":125.961,"size":96,"ttl":61},{"from":"2001:450:2001:1000:0:67:1716:8158","rtt":125.944,"size":96,"ttl":61},{"from":"2001:450:2001:1000:0:67:1716:8158","rtt":126.034,"size":96,"ttl":61}]},{"hop":5,"result":[{"x":"*"},{"x":"*"},{"x":"*"}]},{"hop":6,"result":[{"from":"2001:1900::3:1a0","rtt":126.425,"size":96,"ttl":59},{"from":"2001:1900::3:1a0","rtt":126.349,"size":96,"ttl":59},{"from":"2001:1900::3:1a0","rtt":126.294,"size":96,"ttl":59}]},{"hop":7,"result":[{"from":"2001:2000:3080:103d::1","rtt":127.653,"size":96,"ttl":60},{"from":"2001:2000:3080:103d::1","rtt":127.749,"size":96,"ttl":60},{"from":"2001:2000:3080:103d::1","rtt":127.969,"size":96,"ttl":60}]},{"hop":8,"result":[{"from":"2001:2000:3019:71::1","icmpext":{"obj":[{"class":1,"mpls":[{"exp":1,"label":312527,"s":0,"ttl":1},{"exp":1,"label":2,"s":1,"ttl":1}],"type":1}],"rfc4884":0,"version":2},"rtt":242.95,"size":144,"ttl":55},{"from":"2001:2000:3019:71::1","icmpext":{"obj":[{"class":1,"mpls":[{"exp":1,"label":312527,"s":0,"ttl":1},{"exp":1,"label":2,"s":1,"ttl":1}],"type":1}],"rfc4884":0,"version":2},"rtt":242.987,"size":144,"ttl":55},{"from":"2001:2000:3019:71::1","icmpext":{"obj":[{"class":1,"mpls":[{"exp":1,"label":312527,"s":0,"ttl":1},{"exp":1,"label":2,"s":1,"ttl":1}],"type":1}],"rfc4884":0,"version":2},"rtt":243.097,"size":144,"ttl":55}]},{"hop":9,"result":[{"from":"2001:2000:3019:79::1","icmpext":{"obj":[{"class":1,"mpls":[{"exp":1,"label":308752,"s":0,"ttl":1},{"exp":1,"label":2,"s":1,"ttl":2}],"type":1}],"rfc4884":0,"version":2},"ittl":2,"rtt":242.276,"size":144,"ttl":56},{"from":"2001:2000:3019:79::1","icmpext":{"obj":[{"class":1,"mpls":[{"exp":1,"label":308752,"s":0,"ttl":1},{"exp":1,"label":2,"s":1,"ttl":2}],"type":1}],"rfc4884":0,"version":2},"ittl":2,"rtt":244.619,"size":144,"ttl":56},{"from":"2001:2000:3019:79::1","icmpext":{"obj":[{"class":1,"mpls":[{"exp":1,"label":308752,"s":0,"ttl":1},{"exp":1,"label":2,"s":1,"ttl":2}],"type":1}],"rfc4884":0,"version":2},"ittl":2,"rtt":241.649,"size":144,"ttl":56}]},{"hop":10,"result":[{"from":"2001:2000:3019:65::1","icmpext":{"obj":[{"class":0,"type":0}],"rfc4884":1,"version":0},"ittl":3,"rtt":243.175,"size":144,"ttl":58},{"from":"2001:2000:3019:65::1","icmpext":{"obj":[{"class":0,"type":0}],"rfc4884":1,"version":0},"ittl":3,"rtt":243.189,"size":144,"ttl":58},{"from":"2001:2000:3019:65::1","icmpext":{"obj":[{"class":0,"type":0}],"rfc4884":1,"version":0},"ittl":3,"rtt":243.258,"size":144,"ttl":58}]},{"hop":11,"result":[{"from":"2001:2000:3018:67::1","rtt":246.777,"size":96,"ttl":59},{"from":"2001:2000:3018:67::1","rtt":246.838,"size":96,"ttl":59},{"from":"2001:2000:3018:67::1","rtt":247.866,"size":96,"ttl":59}]},{"hop":12,"result":[{"from":"2001:2000:3080:ee8::2","rtt":252.332,"size":96,"ttl":60},{"from":"2001:2000:3080:ee8::2","rtt":252.227,"size":96,"ttl":60},{"from":"2001:2000:3080:ee8::2","rtt":252.262,"size":96,"ttl":60}]},{"hop":13,"result":[{"from":"2620:0:862:ed1a::1","rtt":241.338,"size":48,"ttl":59},{"from":"2620:0:862:ed1a::1","rtt":241.354,"size":48,"ttl":59},{"from":"2620:0:862:ed1a::1","rtt":241.243,"size":48,"ttl":59}]}],"size":48,"src_addr":"2800:6f0:0:2:d66e:eff:fe23:2b04","stored_timestamp":1512431230,"timestamp":1512431157,"type":"traceroute"}]