[{"af":6,"dst_addr":"2a03:2880:f206:c4:face:b00c:0:43fe","dst_name":"2a03:2880:f206:c4:face:b00c:0:43fe","endtime":1512431050,"from":"2c0f:feb0:b:1::8","fw":4780,"group_id":10409534,"lts":45,"msm_id":10409534,"msm_name":"Traceroute","paris_id":1,"prb_id":25355,"proto":"ICMP","result":[{"hop":1,"result":[{"from":"2c0f:feb0:b:1::ff7e","rtt":0.775,"size":96,"ttl":64},{"from":"2c0f:feb0:b:1::ff7e","rtt":0.497,"size":96,"ttl":64},{"from":"2c0f:feb0:b:1::ff7e","rtt":0.549,"size":96,"ttl":64}]},{"hop":2,"result":[{"from":"2c0f:feb0:b::1:2","rtt":0.951,"size":96,"ttl":63},{"from":"2c0f:feb0:b::1:2","rtt":1.219,"size":96,"ttl":63},{"from":"2c0f:feb0:b::1:2","rtt":1.198,"size":96,"ttl":63}]},{"hop":3,"result":[{"x":"*"},{"x":"*"},{"from":"2c0f:feb0:1:2::15a","rtt":18.872,"size":96,"ttl":62}]},{"hop":4,"result":[{"from":"2c0f:feb0:1:2::30d","rtt":156.249,"size":96,"ttl":61},{"x":"*"},{"x":"*"}]},{"hop":5,"result":[{"from":"2c0f:feb0:1:2::fd","rtt":163.631,"size":96,"ttl":60},{"from":"2c0f:feb0:1:2::fd","rtt":163.561,"size":96,"ttl":60},{"from":"2c0f:feb0:1:2::fd","rtt":163.49,"size":96,"ttl":60}]},{"hop":6,"result":[{"from":"2c0f:feb0:1:2::10a","rtt":163.747,"size":96,"ttl":59},{"from":"2c0f:feb0:1:2::10a","rtt":163.665,"size":96,"ttl":59},{"from":"2c0f:feb0:1:2::10a","rtt":163.683,"size":96,"ttl":59}]},{"hop":7,"result":[{"x":"*"},{"x":"*"},{"x":"*"}]},{"hop":8,"result":[{"from":"2620:0:1cff:dead:beef::2e0","rtt":164.629,"size":96,"ttl":54},{"from":"2620:0:1cff:dead:beef::2e0","rtt":164.604,"size":96,"ttl":54},{"from":"2620:0:1cff:dead:beef::2e0","rtt":164.511,"size":96,"ttl":54}]},{"hop":9,"result":[{"from":"2620:0:1cff:dead:beef::1ae5","rtt":164.388,"size":96,"ttl":53},{"from":"2620:0:1cff:dead:beef::1ae5","rtt":164.382,"size":96,"ttl":53},{"from":"2620:0:1cff:dead:beef::1ae5","rtt":164.472,"size":96,"ttl":53}]},{"hop":10,"result":[{"from":"2a03:2880:f006:ffff::24b","rtt":164.661,"size":96,"ttl":52},{"from":"2a03:2880:f006:ffff::24b","rtt":164.622,"size":96,"ttl":52},{"from":"2a03:2880:f006:ffff::24b","rtt":164.735,"size":96,"ttl":52}]},{"hop":11,"result":[{"from":"2a03:2880:f206:c4:face:b00c:0:43fe","rtt":164.289,"size":48,"ttl":51},{"from":"2a03:2880:f206:c4:face:b00c:0:43fe","rtt":164.243,"size":48,"ttl":51},{"from":"2a03:2880:f206:c4:face:b00c:0:43fe","rtt":164.318,"size":48,"ttl":51}]}],"size":48,"src_addr":"2c0f:feb0:b:1::8","stored_timestamp":1512431102,"timestamp":1512431019,"type":"traceroute"}]