[{"af":6,"dst_addr":"2620:109:c007:102::5be1:f881","dst_name":"2620:109:c007:102::5be1:f881","endtime":1512431447,"from":"2a01:e34:ee8c:180:6666:b3ff:fed1:2ad8","fw":4780,"group_id":10409741,"lts":16,"msm_id":10409741,"msm_name":"Traceroute","paris_id":1,"prb_id":16703,"proto":"ICMP","result":[{"hop":1,"result":[{"from":"2a01:e34:ee8c:180::1","rtt":0.824,"size":96,"ttl":64},{"from":"2a01:e34:ee8c:180::1","rtt":0.438,"size":96,"ttl":64},{"from":"2a01:e34:ee8c:180::1","rtt":0.409,"size":96,"ttl":64}]},{"hop":2,"result":[{"x":"*"},{"x":"*"},{"x":"*"}]},{"hop":3,"result":[{"x":"*"},{"x":"*"},{"x":"*"}]},{"hop":4,"result":[{"from":"2001:1900:5:2:2::28ed","rtt":27.675,"size":96,"ttl":60},{"from":"2001:1900:5:2:2::28ed","rtt":27.819,"size":96,"ttl":60},{"from":"2001:1900:5:2:2::28ed","rtt":27.671,"size":96,"ttl":60}]},{"hop":5,"result":[{"from":"2001:1900:2::3:4e","rtt":44.939,"size":96,"ttl":60},{"from":"2001:1900:2::3:4e","rtt":44.903,"size":96,"ttl":60},{"from":"2001:1900:2::3:4e","rtt":44.194,"size":96,"ttl":60}]},{"hop":6,"result":[{"from":"2001:1900:5:2:2::2d4e","rtt":45.184,"size":96,"ttl":59},{"from":"2001:1900:5:2:2::2d4e","rtt":45.131,"size":96,"ttl":59},{"from":"2001:1900:5:2:2::2d4e","rtt":44.65,"size":96,"ttl":59}]},{"hop":7,"result":[{"x":"*"},{"x":"*"},{"x":"*"}]},{"hop":8,"result":[{"from":"2620:109:c007:102::5be1:f881","rtt":44.904,"size":48,"ttl":56},{"from":"2620:109:c007:102::5be1:f881","rtt":44.902,"size":48,"ttl":56},{"from":"2620:109:c007:102::5be1:f881","rtt":44.644,"size":48,"ttl":56}]}],"size":48,"src_addr":"2a01:e34:ee8c:180:6666:b3ff:fed1:2ad8","stored_timestamp":1512431476,"timestamp":1512431411,"type":"traceroute"}]