[{"af":6,"dst_addr":"2a00:1288:110:2::3007","dst_name":"2a00:1288:110:2::3007","endtime":1512431027,"from":"2c0f:feb0:b:1::8","fw":4780,"group_id":10409527,"lts":22,"msm_id":10409527,"msm_name":"Traceroute","paris_id":1,"prb_id":25355,"proto":"ICMP","result":[{"hop":1,"result":[{"from":"2c0f:feb0:b:1::ff7e","rtt":0.553,"size":96,"ttl":64},{"from":"2c0f:feb0:b:1::ff7e","rtt":0.578,"size":96,"ttl":64},{"from":"2c0f:feb0:b:1::ff7e","rtt":0.492,"size":96,"ttl":64}]},{"hop":2,"result":[{"from":"2c0f:feb0:b::2","rtt":2.904,"size":96,"ttl":63},{"from":"2c0f:feb0:b::2","rtt":1.118,"size":96,"ttl":63},{"from":"2c0f:feb0:b::2","rtt":1.124,"size":96,"ttl":63}]},{"hop":3,"result":[{"from":"2c0f:feb0:1:2::15a","rtt":17.866,"size":96,"ttl":62},{"x":"*"},{"x":"*"}]},{"hop":4,"result":[{"from":"2c0f:feb0:1:2::30d","rtt":156.614,"size":96,"ttl":61},{"x":"*"},{"x":"*"}]},{"hop":5,"result":[{"from":"2c0f:feb0:e::1:8","rtt":164.606,"size":96,"ttl":60},{"from":"2c0f:feb0:e::1:8","rtt":155.845,"size":96,"ttl":60},{"from":"2c0f:feb0:e::1:8","rtt":155.943,"size":96,"ttl":60}]},{"hop":6,"result":[{"from":"2001:7f8:4::2846:2","rtt":162.945,"size":96,"ttl":58},{"from":"2001:7f8:4::2846:2","rtt":163.312,"size":96,"ttl":58},{"from":"2001:7f8:4::2846:2","rtt":163.059,"size":96,"ttl":58}]},{"hop":7,"result":[{"from":"2a00:1288:f010:6::","rtt":168.29,"size":96,"ttl":58},{"from":"2a00:1288:f010:6::","rtt":178.718,"size":96,"ttl":58},{"from":"2a00:1288:f010:6::","rtt":168.353,"size":96,"ttl":58}]},{"hop":8,"result":[{"from":"2a00:1288:f020:7::1","rtt":166.385,"size":96,"ttl":57},{"from":"2a00:1288:f020:7::1","rtt":166.348,"size":96,"ttl":57},{"from":"2a00:1288:f020:7::1","rtt":166.35,"size":96,"ttl":57}]},{"hop":9,"result":[{"from":"2a00:1288:110:fe0f::1","rtt":177.982,"size":96,"ttl":246},{"from":"2a00:1288:110:fe0f::1","rtt":178.84,"size":96,"ttl":246},{"from":"2a00:1288:110:fe0f::1","rtt":176.134,"size":96,"ttl":246}]},{"hop":10,"result":[{"from":"2a00:1288:110:2::3007","rtt":175.127,"size":48,"ttl":54},{"from":"2a00:1288:110:2::3007","rtt":175.137,"size":48,"ttl":54},{"from":"2a00:1288:110:2::3007","rtt":174.991,"size":48,"ttl":54}]}],"size":48,"src_addr":"2c0f:feb0:b:1::8","stored_timestamp":1512431102,"timestamp":1512431008,"type":"traceroute"}]