[{"af":6,"dst_addr":"2a02:26f0:7b:48a::102d","dst_name":"2a02:26f0:7b:48a::102d","endtime":1512431499,"from":"2c0f:feb0:a:1::2","fw":4780,"group_id":10409814,"lts":15,"msm_id":10409814,"msm_name":"Traceroute","paris_id":1,"prb_id":13734,"proto":"ICMP","result":[{"hop":1,"result":[{"from":"2c0f:feb0:a:1::ff7e","rtt":8.031,"size":96,"ttl":64},{"from":"2c0f:feb0:a:1::ff7e","rtt":0.838,"size":96,"ttl":64},{"from":"2c0f:feb0:a:1::ff7e","rtt":0.986,"size":96,"ttl":64}]},{"hop":2,"result":[{"from":"2c0f:feb0:a::2","rtt":2.515,"size":96,"ttl":63},{"from":"2c0f:feb0:a::2","rtt":1.261,"size":96,"ttl":63},{"from":"2c0f:feb0:a::2","rtt":1.321,"size":96,"ttl":63}]},{"hop":3,"result":[{"x":"*"},{"x":"*"},{"from":"2c0f:feb0:1:2::2b2","rtt":149.98,"size":96,"ttl":62}]},{"hop":4,"result":[{"from":"2c0f:feb0:1:2::49e","rtt":166.578,"size":96,"ttl":61},{"from":"2c0f:feb0:1:2::49e","rtt":166.744,"size":96,"ttl":61},{"from":"2c0f:feb0:1:2::49e","rtt":166.598,"size":96,"ttl":61}]},{"hop":5,"result":[{"from":"2c0f:feb0:1:2::10a","rtt":167.988,"size":96,"ttl":60},{"from":"2c0f:feb0:1:2::10a","rtt":168.013,"size":96,"ttl":60},{"from":"2c0f:feb0:1:2::10a","rtt":179.577,"size":96,"ttl":60}]},{"hop":6,"result":[{"x":"*"},{"x":"*"},{"x":"*"}]},{"hop":7,"result":[{"from":"2a02:26f0:7b:48a::102d","rtt":168.697,"size":48,"ttl":58},{"from":"2a02:26f0:7b:48a::102d","rtt":168.298,"size":48,"ttl":58},{"from":"2a02:26f0:7b:48a::102d","rtt":168.434,"size":48,"ttl":58}]}],"size":48,"src_addr":"2c0f:feb0:a:1::2","stored_timestamp":1512431535,"timestamp":1512431478,"type":"traceroute"}]