[{"af":6,"dst_addr":"2a03:2880:f206:c4:face:b00c:0:43fe","dst_name":"2a03:2880:f206:c4:face:b00c:0:43fe","endtime":1512431173,"from":"2c0f:f0b8:1200:0:d66e:eff:fe23:58ca","fw":4780,"group_id":10409680,"lts":13,"msm_id":10409680,"msm_name":"Traceroute","paris_id":1,"prb_id":33144,"proto":"ICMP","result":[{"hop":1,"result":[{"from":"2c0f:f0b8:1200::1","rtt":8.728,"size":96,"ttl":255},{"from":"2c0f:f0b8:1200::1","rtt":0.978,"size":96,"ttl":255},{"from":"2c0f:f0b8:1200::1","rtt":1.0,"size":96,"ttl":255}]},{"hop":2,"result":[{"from":"2c0f:f0b8:1600:0:822a:a8ff:fe4d:ac6b","rtt":0.948,"size":96,"ttl":63},{"from":"2c0f:f0b8:1600:0:822a:a8ff:fe4d:ac6b","rtt":0.826,"size":96,"ttl":63},{"from":"2c0f:f0b8:1600:0:822a:a8ff:fe4d:ac6b","rtt":0.934,"size":96,"ttl":63}]},{"hop":3,"result":[{"from":"2c0f:f0b8:0:107::1","rtt":1.899,"size":96,"ttl":62},{"from":"2c0f:f0b8:0:107::1","rtt":1.126,"size":96,"ttl":62},{"from":"2c0f:f0b8:0:107::1","rtt":1.107,"size":96,"ttl":62}]},{"hop":4,"result":[{"from":"2c0f:f0b8:0:101::","rtt":1.754,"size":96,"ttl":61},{"from":"2c0f:f0b8:0:101::","rtt":1.099,"size":96,"ttl":61},{"from":"2c0f:f0b8:0:101::","rtt":1.462,"size":96,"ttl":61}]},{"hop":5,"result":[{"from":"2c0f:f0b8:0:100::4","rtt":1.22,"size":96,"ttl":60},{"from":"2c0f:f0b8:0:100::4","rtt":1.079,"size":96,"ttl":60},{"from":"2c0f:f0b8:0:100::4","rtt":1.088,"size":96,"ttl":60}]},{"hop":6,"result":[{"from":"2a01:410:1:5010::8","rtt":56.41,"size":96,"ttl":59},{"from":"2a01:410:1:5010::8","rtt":2.296,"size":96,"ttl":59},{"from":"2a01:410:1:5010::8","rtt":2.301,"size":96,"ttl":59}]},{"hop":7,"result":[{"from":"2a01:410:1:1::12b","rtt":22.893,"size":96,"ttl":58},{"from":"2a01:410:1:1::12b","rtt":2.446,"size":96,"ttl":58},{"from":"2a01:410:1:1::12b","rtt":3.402,"size":96,"ttl":58}]},{"hop":8,"result":[{"from":"2a01:410:1:1::ba","rtt":6.068,"size":96,"ttl":57},{"from":"2a01:410:1:1::ba","rtt":6.013,"size":96,"ttl":57},{"from":"2a01:410:1:1::ba","rtt":6.073,"size":96,"ttl":57}]},{"hop":9,"result":[{"from":"2a01:410:1:1::b5","rtt":15.713,"size":96,"ttl":56},{"from":"2a01:410:1:1::b5","rtt":15.916,"size":96,"ttl":56},{"from":"2a01:410:1:1::b5","rtt":18.42,"size":96,"ttl":56}]},{"hop":10,"result":[{"from":"2a01:410:0:2::102","ittl":0,"rtt":178.598,"size":96,"ttl":54},{"from":"2a01:410:0:2::102","ittl":0,"rtt":178.297,"size":96,"ttl":54},{"from":"2a01:410:0:2::102","ittl":0,"rtt":178.346,"size":96,"ttl":54}]},{"hop":11,"result":[{"x":"*"},{"x":"*"},{"x":"*"}]},{"hop":12,"result":[{"from":"2001:7f8:1::a503:2934:1","rtt":182.482,"size":96,"ttl":50},{"from":"2001:7f8:1::a503:2934:1","rtt":184.341,"size":96,"ttl":50},{"from":"2001:7f8:1::a503:2934:1","rtt":182.482,"size":96,"ttl":50}]},{"hop":13,"result":[{"from":"2620:0:1cff:dead:beef::1a3a","rtt":183.028,"size":96,"ttl":51},{"from":"2620:0:1cff:dead:beef::1a3a","rtt":182.316,"size":96,"ttl":51},{"from":"2620:0:1cff:dead:beef::1a3a","rtt":182.246,"size":96,"ttl":51}]},{"hop":14,"result":[{"from":"2620:0:1cff:dead:beef::1b1f","rtt":184.389,"size":96,"ttl":50},{"from":"2620:0:1cff:dead:beef::1b1f","rtt":184.048,"size":96,"ttl":50},{"from":"2620:0:1cff:dead:beef::1b1f","rtt":184.3,"size":96,"ttl":50}]},{"hop":15,"result":[{"from":"2a03:2880:f006:ffff::2b1","rtt":183.381,"size":96,"ttl":49},{"from":"2a03:2880:f006:ffff::2b1","rtt":182.177,"size":96,"ttl":49},{"from":"2a03:2880:f006:ffff::2b1","rtt":182.283,"size":96,"ttl":49}]},{"hop":16,"result":[{"from":"2a03:2880:f206:c4:face:b00c:0:43fe","rtt":185.466,"size":48,"ttl":48},{"from":"2a03:2880:f206:c4:face:b00c:0:43fe","rtt":184.845,"size":48,"ttl":48},{"from":"2a03:2880:f206:c4:face:b00c:0:43fe","rtt":185.031,"size":48,"ttl":48}]}],"size":48,"src_addr":"2c0f:f0b8:1200:0:d66e:eff:fe23:58ca","stored_timestamp":1512431199,"timestamp":1512431157,"type":"traceroute"}]