[{"af":6,"dst_addr":"2620:109:c007:102::5be1:f881","dst_name":"2620:109:c007:102::5be1:f881","endtime":1512431496,"from":"2c0f:feb0:a:1::2","fw":4780,"group_id":10409816,"lts":12,"msm_id":10409816,"msm_name":"Traceroute","paris_id":1,"prb_id":13734,"proto":"ICMP","result":[{"hop":1,"result":[{"from":"2c0f:feb0:a:1::ff7e","rtt":0.755,"size":96,"ttl":64},{"from":"2c0f:feb0:a:1::ff7e","rtt":0.576,"size":96,"ttl":64},{"from":"2c0f:feb0:a:1::ff7e","rtt":0.617,"size":96,"ttl":64}]},{"hop":2,"result":[{"from":"2c0f:feb0:a::2","rtt":2.07,"size":96,"ttl":63},{"from":"2c0f:feb0:a::2","rtt":1.246,"size":96,"ttl":63},{"from":"2c0f:feb0:a::2","rtt":1.361,"size":96,"ttl":63}]},{"hop":3,"result":[{"x":"*"},{"x":"*"},{"x":"*"}]},{"hop":4,"result":[{"from":"2c0f:feb0:d::8","rtt":148.908,"size":96,"ttl":61},{"from":"2c0f:feb0:d::8","rtt":148.977,"size":96,"ttl":61},{"from":"2c0f:feb0:d::8","rtt":148.974,"size":96,"ttl":61}]},{"hop":5,"result":[{"from":"2001:7f8:54::161","rtt":193.635,"size":96,"ttl":58},{"from":"2001:7f8:54::161","rtt":193.691,"size":96,"ttl":58},{"from":"2001:7f8:54::161","rtt":193.648,"size":96,"ttl":58}]},{"hop":6,"result":[{"from":"2620:109:c000:48::1","rtt":178.667,"size":96,"ttl":59},{"from":"2620:109:c000:48::1","rtt":178.762,"size":96,"ttl":59},{"from":"2620:109:c000:48::1","rtt":178.687,"size":96,"ttl":59}]},{"hop":7,"result":[{"from":"2620:109:c000:113::e","rtt":179.346,"size":96,"ttl":249},{"from":"2620:109:c000:113::e","rtt":181.526,"size":96,"ttl":249},{"from":"2620:109:c000:113::e","rtt":179.398,"size":96,"ttl":249}]},{"hop":8,"result":[{"from":"2620:109:c007:102::5be1:f881","rtt":183.355,"size":48,"ttl":56},{"from":"2620:109:c007:102::5be1:f881","rtt":183.295,"size":48,"ttl":56},{"from":"2620:109:c007:102::5be1:f881","rtt":183.319,"size":48,"ttl":56}]}],"size":48,"src_addr":"2c0f:feb0:a:1::2","stored_timestamp":1512431535,"timestamp":1512431481,"type":"traceroute"}]