[{"af":6,"dst_addr":"2a00:1450:400e:80a::2004","dst_name":"2a00:1450:400e:80a::2004","endtime":1512431466,"from":"2a03:1c00:0:2::2","fw":4780,"group_id":10409771,"lts":57,"msm_id":10409771,"msm_name":"Traceroute","paris_id":1,"prb_id":13964,"proto":"ICMP","result":[{"hop":1,"result":[{"from":"2a03:1c00:0:2::1","rtt":0.71,"size":96,"ttl":64},{"from":"2a03:1c00:0:2::1","rtt":0.616,"size":96,"ttl":64},{"from":"2a03:1c00:0:2::1","rtt":0.582,"size":96,"ttl":64}]},{"hop":2,"result":[{"from":"2a03:1c00:0:1::224","rtt":0.662,"size":96,"ttl":63},{"x":"*"},{"from":"2a03:1c00:0:1::224","rtt":0.647,"size":96,"ttl":63}]},{"hop":3,"result":[{"from":"2a01:87c0:0:feed:2::","rtt":87.9,"size":96,"ttl":62},{"from":"2a01:87c0:0:feed:2::","rtt":87.794,"size":96,"ttl":62},{"from":"2a01:87c0:0:feed:2::","rtt":87.79,"size":96,"ttl":62}]},{"hop":4,"result":[{"from":"2001:668:0:3::4000:a91","rtt":87.827,"size":96,"ttl":61},{"from":"2001:668:0:3::4000:a91","rtt":87.89,"size":96,"ttl":61},{"from":"2001:668:0:3::4000:a91","rtt":87.845,"size":96,"ttl":61}]},{"hop":5,"result":[{"x":"*"},{"x":"*"},{"x":"*"}]},{"hop":6,"result":[{"from":"2001:4860:1:1:0:cb9:0:26","rtt":88.043,"size":96,"ttl":59},{"from":"2001:4860:1:1:0:cb9:0:26","rtt":87.927,"size":96,"ttl":59},{"from":"2001:4860:1:1:0:cb9:0:26","rtt":88.053,"size":96,"ttl":59}]},{"hop":7,"result":[{"from":"2001:4860:0:1::2480","rtt":88.13,"size":96,"ttl":58},{"from":"2001:4860:0:1::2480","rtt":87.99,"size":96,"ttl":58},{"from":"2001:4860:0:1::2480","rtt":88.003,"size":96,"ttl":58}]},{"hop":8,"result":[{"from":"2607:f8b0:e000:8000::6","icmpext":{"obj":[{"class":0,"type":0}],"rfc4884":1,"version":0},"rtt":94.214,"size":144,"ttl":57},{"from":"2607:f8b0:e000:8000::6","icmpext":{"obj":[{"class":0,"type":0}],"rfc4884":1,"version":0},"rtt":94.206,"size":144,"ttl":57},{"from":"2607:f8b0:e000:8000::6","icmpext":{"obj":[{"class":0,"type":0}],"rfc4884":1,"version":0},"rtt":94.137,"size":144,"ttl":57}]},{"hop":9,"result":[{"from":"2607:f8b0:e000:8000::4","icmpext":{"obj":[{"class":0,"type":0}],"rfc4884":1,"version":0},"ittl":2,"rtt":94.314,"size":144,"ttl":57},{"from":"2607:f8b0:e000:8000::4","icmpext":{"obj":[{"class":0,"type":0}],"rfc4884":1,"version":0},"ittl":2,"rtt":93.97,"size":144,"ttl":57},{"from":"2607:f8b0:e000:8000::4","icmpext":{"obj":[{"class":0,"type":0}],"rfc4884":1,"version":0},"ittl":2,"rtt":94.018,"size":144,"ttl":57}]},{"hop":10,"result":[{"from":"2001:4860::9:4000:d476","rtt":98.436,"size":96,"ttl":58},{"from":"2001:4860::9:4000:d476","rtt":93.892,"size":96,"ttl":58},{"from":"2001:4860::9:4000:d476","rtt":97.149,"size":96,"ttl":58}]},{"hop":11,"result":[{"x":"*"},{"x":"*"},{"x":"*"}]},{"hop":12,"result":[{"from":"2001:4860:0:1::2187","rtt":94.127,"size":96,"ttl":56},{"from":"2001:4860:0:1::2187","rtt":93.924,"size":96,"ttl":56},{"from":"2001:4860:0:1::2187","rtt":95.435,"size":96,"ttl":56}]},{"hop":13,"result":[{"from":"2a00:1450:400e:80a::2004","rtt":93.634,"size":48,"ttl":55},{"from":"2a00:1450:400e:80a::2004","rtt":93.623,"size":48,"ttl":55},{"from":"2a00:1450:400e:80a::2004","rtt":93.625,"size":48,"ttl":55}]}],"size":48,"src_addr":"2a03:1c00:0:2::2","stored_timestamp":1512431499,"timestamp":1512431435,"type":"traceroute"}]