[{"af":6,"dst_addr":"2a03:2880:f106:83:face:b00c:0:25de","dst_name":"2a03:2880:f106:83:face:b00c:0:25de","endtime":1512431194,"from":"2c0f:f0b8:1200:0:d66e:eff:fe23:58ca","fw":4780,"group_id":10409717,"lts":34,"msm_id":10409717,"msm_name":"Traceroute","paris_id":1,"prb_id":33144,"proto":"ICMP","result":[{"hop":1,"result":[{"from":"2c0f:f0b8:1200::1","rtt":0.596,"size":96,"ttl":255},{"from":"2c0f:f0b8:1200::1","rtt":0.531,"size":96,"ttl":255},{"from":"2c0f:f0b8:1200::1","rtt":0.477,"size":96,"ttl":255}]},{"hop":2,"result":[{"from":"2c0f:f0b8:1600:0:822a:a8ff:fe4d:ac6b","rtt":0.783,"size":96,"ttl":63},{"from":"2c0f:f0b8:1600:0:822a:a8ff:fe4d:ac6b","rtt":0.704,"size":96,"ttl":63},{"from":"2c0f:f0b8:1600:0:822a:a8ff:fe4d:ac6b","rtt":0.683,"size":96,"ttl":63}]},{"hop":3,"result":[{"from":"2c0f:f0b8:0:107::1","rtt":1.204,"size":96,"ttl":62},{"from":"2c0f:f0b8:0:107::1","rtt":1.11,"size":96,"ttl":62},{"from":"2c0f:f0b8:0:107::1","rtt":1.132,"size":96,"ttl":62}]},{"hop":4,"result":[{"from":"2c0f:f0b8:0:101::","rtt":1.073,"size":96,"ttl":61},{"from":"2c0f:f0b8:0:101::","rtt":1.089,"size":96,"ttl":61},{"from":"2c0f:f0b8:0:101::","rtt":1.039,"size":96,"ttl":61}]},{"hop":5,"result":[{"from":"2c0f:f0b8:0:100::4","rtt":1.206,"size":96,"ttl":60},{"from":"2c0f:f0b8:0:100::4","rtt":1.406,"size":96,"ttl":60},{"from":"2c0f:f0b8:0:100::4","rtt":1.1,"size":96,"ttl":60}]},{"hop":6,"result":[{"from":"2a01:410:1:5010::8","rtt":89.164,"size":96,"ttl":59},{"from":"2a01:410:1:5010::8","rtt":2.292,"size":96,"ttl":59},{"from":"2a01:410:1:5010::8","rtt":2.547,"size":96,"ttl":59}]},{"hop":7,"result":[{"from":"2a01:410:1:1::12b","rtt":3.414,"size":96,"ttl":58},{"from":"2a01:410:1:1::12b","rtt":2.38,"size":96,"ttl":58},{"from":"2a01:410:1:1::12b","rtt":2.633,"size":96,"ttl":58}]},{"hop":8,"result":[{"from":"2a01:410:1:1::ba","rtt":6.35,"size":96,"ttl":57},{"from":"2a01:410:1:1::ba","rtt":7.547,"size":96,"ttl":57},{"from":"2a01:410:1:1::ba","rtt":6.071,"size":96,"ttl":57}]},{"hop":9,"result":[{"from":"2a01:410:1:1::134","rtt":21.264,"size":96,"ttl":56},{"from":"2a01:410:1:1::134","rtt":18.245,"size":96,"ttl":56},{"from":"2a01:410:1:1::134","rtt":18.248,"size":96,"ttl":56}]},{"hop":10,"result":[{"from":"2a01:410:0:2::102","ittl":0,"rtt":181.447,"size":96,"ttl":54},{"from":"2a01:410:0:2::102","ittl":0,"rtt":181.547,"size":96,"ttl":54},{"from":"2a01:410:0:2::102","ittl":0,"rtt":181.145,"size":96,"ttl":54}]},{"hop":11,"result":[{"from":"2a01:410:1:9000::21","rtt":181.548,"size":96,"ttl":53},{"x":"*"},{"x":"*"}]},{"hop":12,"result":[{"from":"2001:7f8:1::a503:2934:1","rtt":186.858,"size":96,"ttl":50},{"from":"2001:7f8:1::a503:2934:1","rtt":185.588,"size":96,"ttl":50},{"from":"2001:7f8:1::a503:2934:1","rtt":185.479,"size":96,"ttl":50}]},{"hop":13,"result":[{"from":"2620:0:1cff:dead:beef::1a34","rtt":186.942,"size":96,"ttl":51},{"from":"2620:0:1cff:dead:beef::1a34","rtt":187.134,"size":96,"ttl":51},{"from":"2620:0:1cff:dead:beef::1a34","rtt":187.227,"size":96,"ttl":51}]},{"hop":14,"result":[{"from":"2620:0:1cff:dead:beef::1aff","rtt":185.815,"size":96,"ttl":50},{"from":"2620:0:1cff:dead:beef::1aff","rtt":187.111,"size":96,"ttl":50},{"from":"2620:0:1cff:dead:beef::1aff","rtt":185.435,"size":96,"ttl":50}]},{"hop":15,"result":[{"from":"2a03:2880:f006:ffff::2b5","rtt":187.242,"size":96,"ttl":49},{"from":"2a03:2880:f006:ffff::2b5","rtt":187.239,"size":96,"ttl":49},{"from":"2a03:2880:f006:ffff::2b5","rtt":187.116,"size":96,"ttl":49}]},{"hop":16,"result":[{"from":"2a03:2880:f106:83:face:b00c:0:25de","rtt":188.526,"size":48,"ttl":48},{"from":"2a03:2880:f106:83:face:b00c:0:25de","rtt":188.546,"size":48,"ttl":48},{"from":"2a03:2880:f106:83:face:b00c:0:25de","rtt":188.479,"size":48,"ttl":48}]}],"size":48,"src_addr":"2c0f:f0b8:1200:0:d66e:eff:fe23:58ca","stored_timestamp":1512431252,"timestamp":1512431182,"type":"traceroute"}]