[{"af":6,"dst_addr":"2a00:1450:400e:80a::2004","dst_name":"2a00:1450:400e:80a::2004","endtime":1512431187,"from":"2c0f:f0b8:1200:0:d66e:eff:fe23:58ca","fw":4780,"group_id":10409715,"lts":27,"msm_id":10409715,"msm_name":"Traceroute","paris_id":1,"prb_id":33144,"proto":"ICMP","result":[{"hop":1,"result":[{"from":"2c0f:f0b8:1200::1","rtt":7.282,"size":96,"ttl":255},{"from":"2c0f:f0b8:1200::1","rtt":1.086,"size":96,"ttl":255},{"from":"2c0f:f0b8:1200::1","rtt":1.277,"size":96,"ttl":255}]},{"hop":2,"result":[{"from":"2c0f:f0b8:1600:0:822a:a8ff:fe4d:ac6b","rtt":1.628,"size":96,"ttl":63},{"from":"2c0f:f0b8:1600:0:822a:a8ff:fe4d:ac6b","rtt":1.763,"size":96,"ttl":63},{"from":"2c0f:f0b8:1600:0:822a:a8ff:fe4d:ac6b","rtt":1.868,"size":96,"ttl":63}]},{"hop":3,"result":[{"from":"2c0f:f0b8:0:107::1","rtt":2.894,"size":96,"ttl":62},{"from":"2c0f:f0b8:0:107::1","rtt":3.086,"size":96,"ttl":62},{"from":"2c0f:f0b8:0:107::1","rtt":1.939,"size":96,"ttl":62}]},{"hop":4,"result":[{"from":"2c0f:f0b8:0:101::","rtt":1.602,"size":96,"ttl":61},{"from":"2c0f:f0b8:0:101::","rtt":1.097,"size":96,"ttl":61},{"from":"2c0f:f0b8:0:101::","rtt":1.122,"size":96,"ttl":61}]},{"hop":5,"result":[{"from":"2c0f:f0b8:0:100::4","rtt":2.153,"size":96,"ttl":60},{"from":"2c0f:f0b8:0:100::4","rtt":1.891,"size":96,"ttl":60},{"from":"2c0f:f0b8:0:100::4","rtt":1.142,"size":96,"ttl":60}]},{"hop":6,"result":[{"from":"2a01:410:1:5010::8","rtt":68.846,"size":96,"ttl":59},{"from":"2a01:410:1:5010::8","rtt":2.562,"size":96,"ttl":59},{"from":"2a01:410:1:5010::8","rtt":2.407,"size":96,"ttl":59}]},{"hop":7,"result":[{"from":"2a01:410:1:1::12b","rtt":3.1,"size":96,"ttl":58},{"from":"2a01:410:1:1::12b","rtt":2.639,"size":96,"ttl":58},{"from":"2a01:410:1:1::12b","rtt":3.11,"size":96,"ttl":58}]},{"hop":8,"result":[{"from":"2a01:410:1:1::ba","rtt":7.765,"size":96,"ttl":57},{"from":"2a01:410:1:1::ba","rtt":6.199,"size":96,"ttl":57},{"from":"2a01:410:1:1::ba","rtt":6.236,"size":96,"ttl":57}]},{"hop":9,"result":[{"from":"2a01:410:1:1::134","rtt":18.369,"size":96,"ttl":56},{"from":"2a01:410:1:1::134","rtt":19.237,"size":96,"ttl":56},{"from":"2a01:410:1:1::134","rtt":18.332,"size":96,"ttl":56}]},{"hop":10,"result":[{"from":"2a01:410:1:1::92","rtt":18.55,"size":96,"ttl":55},{"from":"2a01:410:1:1::92","rtt":18.823,"size":96,"ttl":55},{"x":"*"}]},{"hop":11,"result":[{"from":"2001:4860:1:1::664","rtt":21.058,"size":96,"ttl":54},{"from":"2001:4860:1:1::664","rtt":21.234,"size":96,"ttl":54},{"from":"2001:4860:1:1::664","rtt":20.966,"size":96,"ttl":54}]},{"hop":12,"result":[{"from":"2607:f8b0:e000:8000::5","rtt":187.781,"size":96,"ttl":49},{"from":"2607:f8b0:e000:8000::5","rtt":186.787,"size":96,"ttl":49},{"from":"2607:f8b0:e000:8000::5","rtt":186.893,"size":96,"ttl":49}]},{"hop":13,"result":[{"from":"2607:f8b0:e000:8000::6","icmpext":{"obj":[{"class":0,"type":0}],"rfc4884":1,"version":0},"rtt":187.082,"size":144,"ttl":48},{"from":"2607:f8b0:e000:8000::6","icmpext":{"obj":[{"class":0,"type":0}],"rfc4884":1,"version":0},"rtt":186.665,"size":144,"ttl":48},{"from":"2607:f8b0:e000:8000::6","icmpext":{"obj":[{"class":0,"type":0}],"rfc4884":1,"version":0},"rtt":186.646,"size":144,"ttl":48}]},{"hop":14,"result":[{"from":"2607:f8b0:e000:8000::4","icmpext":{"obj":[{"class":0,"type":0}],"rfc4884":1,"version":0},"ittl":2,"rtt":188.454,"size":144,"ttl":48},{"from":"2607:f8b0:e000:8000::4","icmpext":{"obj":[{"class":0,"type":0}],"rfc4884":1,"version":0},"ittl":2,"rtt":187.956,"size":144,"ttl":48},{"from":"2607:f8b0:e000:8000::4","icmpext":{"obj":[{"class":0,"type":0}],"rfc4884":1,"version":0},"ittl":2,"rtt":188.174,"size":144,"ttl":48}]},{"hop":15,"result":[{"from":"2607:f8b0:e000:8000::3","rtt":187.366,"size":96,"ttl":49},{"from":"2607:f8b0:e000:8000::3","rtt":186.77,"size":96,"ttl":49},{"from":"2607:f8b0:e000:8000::3","rtt":186.754,"size":96,"ttl":49}]},{"hop":16,"result":[{"from":"2001:4860:0:1::2185","rtt":189.855,"size":96,"ttl":47},{"from":"2001:4860:0:1::2185","rtt":189.317,"size":96,"ttl":47},{"from":"2001:4860:0:1::2185","rtt":189.424,"size":96,"ttl":47}]},{"hop":17,"result":[{"from":"2a00:1450:400e:80a::2004","rtt":188.216,"size":48,"ttl":46},{"from":"2a00:1450:400e:80a::2004","rtt":187.878,"size":48,"ttl":46},{"from":"2a00:1450:400e:80a::2004","rtt":187.75,"size":48,"ttl":46}]}],"size":48,"src_addr":"2c0f:f0b8:1200:0:d66e:eff:fe23:58ca","stored_timestamp":1512431252,"timestamp":1512431179,"type":"traceroute"}]