[{"af":6,"dst_addr":"2a00:1450:4007:80a::2004","dst_name":"2a00:1450:4007:80a::2004","endtime":1512431134,"from":"2c0f:f0b8:1200:0:d66e:eff:fe23:58ca","fw":4780,"group_id":10409666,"lts":106,"msm_id":10409666,"msm_name":"Traceroute","paris_id":1,"prb_id":33144,"proto":"ICMP","result":[{"hop":1,"result":[{"from":"2c0f:f0b8:1200::1","rtt":0.74,"size":96,"ttl":255},{"from":"2c0f:f0b8:1200::1","rtt":0.465,"size":96,"ttl":255},{"from":"2c0f:f0b8:1200::1","rtt":0.485,"size":96,"ttl":255}]},{"hop":2,"result":[{"from":"2c0f:f0b8:1600:0:822a:a8ff:fe4d:ac6b","rtt":0.836,"size":96,"ttl":63},{"from":"2c0f:f0b8:1600:0:822a:a8ff:fe4d:ac6b","rtt":0.755,"size":96,"ttl":63},{"from":"2c0f:f0b8:1600:0:822a:a8ff:fe4d:ac6b","rtt":0.708,"size":96,"ttl":63}]},{"hop":3,"result":[{"from":"2c0f:f0b8:0:107::1","rtt":1.892,"size":96,"ttl":62},{"from":"2c0f:f0b8:0:107::1","rtt":1.114,"size":96,"ttl":62},{"from":"2c0f:f0b8:0:107::1","rtt":1.091,"size":96,"ttl":62}]},{"hop":4,"result":[{"from":"2c0f:f0b8:0:101::","rtt":1.641,"size":96,"ttl":61},{"from":"2c0f:f0b8:0:101::","rtt":1.639,"size":96,"ttl":61},{"from":"2c0f:f0b8:0:101::","rtt":1.201,"size":96,"ttl":61}]},{"hop":5,"result":[{"from":"2c0f:f0b8:0:100::4","rtt":1.253,"size":96,"ttl":60},{"from":"2c0f:f0b8:0:100::4","rtt":1.085,"size":96,"ttl":60},{"from":"2c0f:f0b8:0:100::4","rtt":1.602,"size":96,"ttl":60}]},{"hop":6,"result":[{"from":"2a01:410:1:5010::8","rtt":60.561,"size":96,"ttl":59},{"from":"2a01:410:1:5010::8","rtt":2.365,"size":96,"ttl":59},{"from":"2a01:410:1:5010::8","rtt":2.431,"size":96,"ttl":59}]},{"hop":7,"result":[{"from":"2a01:410:1:1::12b","rtt":26.143,"size":96,"ttl":58},{"from":"2a01:410:1:1::12b","rtt":2.399,"size":96,"ttl":58},{"from":"2a01:410:1:1::12b","rtt":2.455,"size":96,"ttl":58}]},{"hop":8,"result":[{"from":"2a01:410:1:1::ba","rtt":6.676,"size":96,"ttl":57},{"from":"2a01:410:1:1::ba","rtt":5.983,"size":96,"ttl":57},{"from":"2a01:410:1:1::ba","rtt":5.976,"size":96,"ttl":57}]},{"hop":9,"result":[{"from":"2a01:410:1:1::10d","rtt":16.494,"size":96,"ttl":56},{"from":"2a01:410:1:1::10d","rtt":15.201,"size":96,"ttl":56},{"from":"2a01:410:1:1::10d","rtt":15.439,"size":96,"ttl":56}]},{"hop":10,"result":[{"from":"2a01:410:1:1::92","rtt":16.083,"size":96,"ttl":55},{"from":"2a01:410:1:1::92","rtt":15.321,"size":96,"ttl":55},{"from":"2a01:410:1:1::92","rtt":15.356,"size":96,"ttl":55}]},{"hop":11,"result":[{"from":"2001:4860:1:1::664","rtt":18.678,"size":96,"ttl":54},{"from":"2001:4860:1:1::664","rtt":18.808,"size":96,"ttl":54},{"from":"2001:4860:1:1::664","rtt":18.129,"size":96,"ttl":54}]},{"hop":12,"result":[{"from":"2001:4860::9:4001:c34","rtt":173.009,"size":96,"ttl":52},{"from":"2001:4860::9:4001:c34","rtt":172.796,"size":96,"ttl":52},{"from":"2001:4860::9:4001:c34","rtt":172.989,"size":96,"ttl":52}]},{"hop":13,"result":[{"from":"2001:4860::8:4000:ce26","icmpext":{"obj":[{"class":0,"type":0}],"rfc4884":1,"version":0},"rtt":186.695,"size":144,"ttl":49},{"from":"2001:4860::8:4000:ce26","icmpext":{"obj":[{"class":0,"type":0}],"rfc4884":1,"version":0},"rtt":185.631,"size":144,"ttl":49},{"from":"2001:4860::8:4000:ce26","icmpext":{"obj":[{"class":0,"type":0}],"rfc4884":1,"version":0},"rtt":185.654,"size":144,"ttl":49}]},{"hop":14,"result":[{"from":"2001:4860::9:4000:e7b3","rtt":184.506,"size":96,"ttl":50},{"from":"2001:4860::9:4000:e7b3","rtt":182.68,"size":96,"ttl":50},{"from":"2001:4860::9:4000:e7b3","rtt":182.847,"size":96,"ttl":50}]},{"hop":15,"result":[{"from":"2001:4860:0:1::1e37","rtt":184.39,"size":96,"ttl":49},{"from":"2001:4860:0:1::1e37","rtt":184.198,"size":96,"ttl":49},{"from":"2001:4860:0:1::1e37","rtt":183.826,"size":96,"ttl":48}]},{"hop":16,"result":[{"from":"2a00:1450:4007:80a::2004","rtt":184.304,"size":48,"ttl":48},{"from":"2a00:1450:4007:80a::2004","rtt":183.804,"size":48,"ttl":48},{"from":"2a00:1450:4007:80a::2004","rtt":183.883,"size":48,"ttl":48}]}],"size":48,"src_addr":"2c0f:f0b8:1200:0:d66e:eff:fe23:58ca","stored_timestamp":1512431202,"timestamp":1512431131,"type":"traceroute"}]