[{"af":6,"dst_addr":"2620:0:862:ed1a::1","dst_name":"2620:0:862:ed1a::1","endtime":1512431198,"from":"2c0f:f0b8:1200:0:d66e:eff:fe23:58ca","fw":4780,"group_id":10409720,"lts":38,"msm_id":10409720,"msm_name":"Traceroute","paris_id":1,"prb_id":33144,"proto":"ICMP","result":[{"hop":1,"result":[{"from":"2c0f:f0b8:1200::1","rtt":0.736,"size":96,"ttl":255},{"from":"2c0f:f0b8:1200::1","rtt":0.507,"size":96,"ttl":255},{"from":"2c0f:f0b8:1200::1","rtt":0.482,"size":96,"ttl":255}]},{"hop":2,"result":[{"from":"2c0f:f0b8:1600:0:822a:a8ff:fe4d:ac6b","rtt":0.826,"size":96,"ttl":63},{"from":"2c0f:f0b8:1600:0:822a:a8ff:fe4d:ac6b","rtt":0.744,"size":96,"ttl":63},{"from":"2c0f:f0b8:1600:0:822a:a8ff:fe4d:ac6b","rtt":0.772,"size":96,"ttl":63}]},{"hop":3,"result":[{"from":"2c0f:f0b8:0:107::1","rtt":1.266,"size":96,"ttl":62},{"from":"2c0f:f0b8:0:107::1","rtt":1.185,"size":96,"ttl":62},{"from":"2c0f:f0b8:0:107::1","rtt":1.673,"size":96,"ttl":62}]},{"hop":4,"result":[{"from":"2c0f:f0b8:0:101::","rtt":1.76,"size":96,"ttl":61},{"from":"2c0f:f0b8:0:101::","rtt":3.212,"size":96,"ttl":61},{"from":"2c0f:f0b8:0:101::","rtt":3.489,"size":96,"ttl":61}]},{"hop":5,"result":[{"from":"2c0f:f0b8:0:100::4","rtt":2.479,"size":96,"ttl":60},{"from":"2c0f:f0b8:0:100::4","rtt":1.318,"size":96,"ttl":60},{"from":"2c0f:f0b8:0:100::4","rtt":1.193,"size":96,"ttl":60}]},{"hop":6,"result":[{"from":"2a01:410:1:5010::8","rtt":53.692,"size":96,"ttl":59},{"from":"2a01:410:1:5010::8","rtt":2.41,"size":96,"ttl":59},{"from":"2a01:410:1:5010::8","rtt":2.333,"size":96,"ttl":59}]},{"hop":7,"result":[{"from":"2a01:410:1:1::12b","rtt":2.507,"size":96,"ttl":58},{"from":"2a01:410:1:1::12b","rtt":3.964,"size":96,"ttl":58},{"from":"2a01:410:1:1::12b","rtt":2.511,"size":96,"ttl":58}]},{"hop":8,"result":[{"from":"2a01:410:1:1::ba","rtt":6.214,"size":96,"ttl":57},{"from":"2a01:410:1:1::ba","rtt":6.144,"size":96,"ttl":57},{"from":"2a01:410:1:1::ba","rtt":6.043,"size":96,"ttl":57}]},{"hop":9,"result":[{"from":"2a01:410:1:1::b2","rtt":47.388,"size":96,"ttl":56},{"from":"2a01:410:1:1::b2","rtt":18.55,"size":96,"ttl":56},{"from":"2a01:410:1:1::b2","rtt":20.715,"size":96,"ttl":56}]},{"hop":10,"result":[{"from":"2a01:410:0:2::102","ittl":0,"rtt":179.862,"size":96,"ttl":54},{"from":"2a01:410:0:2::102","ittl":0,"rtt":179.798,"size":96,"ttl":54},{"from":"2a01:410:0:2::102","ittl":0,"rtt":179.975,"size":96,"ttl":54}]},{"hop":11,"result":[{"x":"*"},{"x":"*"},{"from":"2a01:410:1:9000::21","rtt":179.41,"size":96,"ttl":53}]},{"hop":12,"result":[{"from":"2001:7f8:1::a501:4907:1","rtt":186.179,"size":96,"ttl":52},{"from":"2001:7f8:1::a501:4907:1","rtt":186.197,"size":96,"ttl":52},{"from":"2001:7f8:1::a501:4907:1","rtt":186.589,"size":96,"ttl":52}]},{"hop":13,"result":[{"from":"2620:0:862:ed1a::1","rtt":184.837,"size":48,"ttl":51},{"from":"2620:0:862:ed1a::1","rtt":184.564,"size":48,"ttl":51},{"from":"2620:0:862:ed1a::1","rtt":185.021,"size":48,"ttl":51}]}],"size":48,"src_addr":"2c0f:f0b8:1200:0:d66e:eff:fe23:58ca","stored_timestamp":1512431252,"timestamp":1512431188,"type":"traceroute"}]