[{"af":6,"dst_addr":"2a00:1450:400e:808::2004","dst_name":"2a00:1450:400e:808::2004","endtime":1512431470,"from":"2c0f:feb0:a:1::2","fw":4780,"group_id":10409797,"lts":44,"msm_id":10409797,"msm_name":"Traceroute","paris_id":1,"prb_id":13734,"proto":"ICMP","result":[{"hop":1,"result":[{"from":"2c0f:feb0:a:1::ff7e","rtt":0.983,"size":96,"ttl":64},{"from":"2c0f:feb0:a:1::ff7e","rtt":0.555,"size":96,"ttl":64},{"from":"2c0f:feb0:a:1::ff7e","rtt":0.585,"size":96,"ttl":64}]},{"hop":2,"result":[{"x":"*"},{"x":"*"},{"x":"*"}]},{"hop":3,"result":[{"from":"2c0f:feb0:1:2::496","rtt":11.969,"size":96,"ttl":62},{"from":"2c0f:feb0:1:2::496","rtt":13.351,"size":96,"ttl":62},{"from":"2c0f:feb0:1:2::496","rtt":13.404,"size":96,"ttl":62}]},{"hop":4,"result":[{"from":"2c0f:feb0:b::1:8","rtt":9.692,"size":96,"ttl":61},{"from":"2c0f:feb0:b::1:8","rtt":9.688,"size":96,"ttl":61},{"from":"2c0f:feb0:b::1:8","rtt":9.861,"size":96,"ttl":61}]},{"hop":5,"result":[{"from":"2001:4860:1:1:0:90ec:0:1","rtt":9.784,"size":96,"ttl":60},{"from":"2001:4860:1:1:0:90ec:0:1","rtt":9.898,"size":96,"ttl":60},{"from":"2001:4860:1:1:0:90ec:0:1","rtt":9.777,"size":96,"ttl":60}]},{"hop":6,"result":[{"from":"2607:f8b0:e000:8000::5","rtt":166.737,"size":96,"ttl":58},{"from":"2607:f8b0:e000:8000::5","rtt":166.712,"size":96,"ttl":58},{"from":"2607:f8b0:e000:8000::5","rtt":166.671,"size":96,"ttl":58}]},{"hop":7,"result":[{"from":"2607:f8b0:e000:8000::6","icmpext":{"obj":[{"class":0,"type":0}],"rfc4884":1,"version":0},"rtt":172.077,"size":144,"ttl":57},{"from":"2607:f8b0:e000:8000::6","icmpext":{"obj":[{"class":0,"type":0}],"rfc4884":1,"version":0},"rtt":171.879,"size":144,"ttl":57},{"from":"2607:f8b0:e000:8000::6","icmpext":{"obj":[{"class":0,"type":0}],"rfc4884":1,"version":0},"rtt":171.892,"size":144,"ttl":57}]},{"hop":8,"result":[{"from":"2607:f8b0:e000:8000::4","icmpext":{"obj":[{"class":0,"type":0}],"rfc4884":1,"version":0},"ittl":2,"rtt":170.782,"size":144,"ttl":57},{"from":"2607:f8b0:e000:8000::4","icmpext":{"obj":[{"class":0,"type":0}],"rfc4884":1,"version":0},"ittl":2,"rtt":170.748,"size":144,"ttl":57},{"from":"2607:f8b0:e000:8000::4","icmpext":{"obj":[{"class":0,"type":0}],"rfc4884":1,"version":0},"ittl":2,"rtt":170.64,"size":144,"ttl":57}]},{"hop":9,"result":[{"from":"2607:f8b0:e000:8000::3","rtt":172.296,"size":96,"ttl":58},{"from":"2607:f8b0:e000:8000::3","rtt":172.014,"size":96,"ttl":58},{"from":"2607:f8b0:e000:8000::3","rtt":171.944,"size":96,"ttl":58}]},{"hop":10,"result":[{"from":"2001:4860:0:1::17ed","rtt":170.514,"size":96,"ttl":56},{"from":"2001:4860:0:1::17ed","rtt":170.399,"size":96,"ttl":56},{"from":"2001:4860:0:1::17ed","rtt":170.392,"size":96,"ttl":56}]},{"hop":11,"result":[{"from":"2a00:1450:400e:808::2004","rtt":170.118,"size":48,"ttl":55},{"from":"2a00:1450:400e:808::2004","rtt":170.078,"size":48,"ttl":55},{"from":"2a00:1450:400e:808::2004","rtt":170.219,"size":48,"ttl":55}]}],"size":48,"src_addr":"2c0f:feb0:a:1::2","stored_timestamp":1512431527,"timestamp":1512431455,"type":"traceroute"}]