[{"af":6,"dst_addr":"2a00:1450:400e:80a::2004","dst_name":"2a00:1450:400e:80a::2004","endtime":1512431414,"from":"2001:7f0:1:3237::2","fw":4780,"group_id":10409747,"lts":51,"msm_id":10409747,"msm_name":"Traceroute","paris_id":1,"prb_id":15724,"proto":"ICMP","result":[{"hop":1,"result":[{"from":"2001:7f0:1:3237::1","rtt":0.682,"size":96,"ttl":64},{"from":"2001:7f0:1:3237::1","rtt":0.57,"size":96,"ttl":64},{"from":"2001:7f0:1:3237::1","rtt":0.512,"size":96,"ttl":64}]},{"hop":2,"result":[{"from":"2001:7f0:0:2e::1","rtt":10.329,"size":96,"ttl":63},{"from":"2001:7f0:0:2e::1","rtt":10.341,"size":96,"ttl":63},{"from":"2001:7f0:0:2e::1","rtt":10.341,"size":96,"ttl":63}]},{"hop":3,"result":[{"from":"2001:7f8:4::3b41:1","rtt":10.683,"size":96,"ttl":62},{"from":"2001:7f8:4::3b41:1","rtt":10.649,"size":96,"ttl":62},{"from":"2001:7f8:4::3b41:1","rtt":10.65,"size":96,"ttl":62}]},{"hop":4,"result":[{"from":"2001:4860:0:1::1e5e","rtt":10.768,"size":96,"ttl":61},{"from":"2001:4860:0:1::1e5e","rtt":11.112,"size":96,"ttl":61},{"from":"2001:4860:0:1::1e5e","rtt":10.711,"size":96,"ttl":61}]},{"hop":5,"result":[{"from":"2607:f8b0:e000:8000::6","icmpext":{"obj":[{"class":0,"type":0}],"rfc4884":1,"version":0},"rtt":28.38,"size":144,"ttl":56},{"from":"2607:f8b0:e000:8000::6","icmpext":{"obj":[{"class":0,"type":0}],"rfc4884":1,"version":0},"rtt":28.321,"size":144,"ttl":56},{"from":"2607:f8b0:e000:8000::6","icmpext":{"obj":[{"class":0,"type":0}],"rfc4884":1,"version":0},"rtt":28.331,"size":144,"ttl":56}]},{"hop":6,"result":[{"from":"2607:f8b0:e000:8000::4","icmpext":{"obj":[{"class":0,"type":0}],"rfc4884":1,"version":0},"ittl":2,"rtt":16.52,"size":144,"ttl":59},{"from":"2607:f8b0:e000:8000::4","icmpext":{"obj":[{"class":0,"type":0}],"rfc4884":1,"version":0},"ittl":2,"rtt":16.442,"size":144,"ttl":59},{"from":"2607:f8b0:e000:8000::4","icmpext":{"obj":[{"class":0,"type":0}],"rfc4884":1,"version":0},"ittl":2,"rtt":16.528,"size":144,"ttl":59}]},{"hop":7,"result":[{"from":"2607:f8b0:e000:8000::3","rtt":16.777,"size":96,"ttl":60},{"from":"2607:f8b0:e000:8000::3","rtt":16.819,"size":96,"ttl":60},{"from":"2607:f8b0:e000:8000::3","rtt":16.715,"size":96,"ttl":60}]},{"hop":8,"result":[{"from":"2001:4860:0:1::2185","rtt":16.411,"size":96,"ttl":58},{"from":"2001:4860:0:1::2185","rtt":16.307,"size":96,"ttl":58},{"from":"2001:4860:0:1::2185","rtt":16.237,"size":96,"ttl":58}]},{"hop":9,"result":[{"from":"2a00:1450:400e:80a::2004","rtt":28.921,"size":48,"ttl":54},{"from":"2a00:1450:400e:80a::2004","rtt":28.935,"size":48,"ttl":54},{"from":"2a00:1450:400e:80a::2004","rtt":28.934,"size":48,"ttl":54}]}],"size":48,"src_addr":"2001:7f0:1:3237::2","stored_timestamp":1512431427,"timestamp":1512431413,"type":"traceroute"}]