[{"af":6,"dst_addr":"2a03:2880:f106:83:face:b00c:0:25de","dst_name":"2a03:2880:f106:83:face:b00c:0:25de","endtime":1512431148,"from":"2c0f:f0b8:1200:0:d66e:eff:fe23:58ca","fw":4780,"group_id":10409668,"lts":120,"msm_id":10409668,"msm_name":"Traceroute","paris_id":1,"prb_id":33144,"proto":"ICMP","result":[{"hop":1,"result":[{"from":"2c0f:f0b8:1200::1","rtt":0.984,"size":96,"ttl":255},{"from":"2c0f:f0b8:1200::1","rtt":0.803,"size":96,"ttl":255},{"from":"2c0f:f0b8:1200::1","rtt":0.813,"size":96,"ttl":255}]},{"hop":2,"result":[{"from":"2c0f:f0b8:1600:0:822a:a8ff:fe4d:ac6b","rtt":1.305,"size":96,"ttl":63},{"from":"2c0f:f0b8:1600:0:822a:a8ff:fe4d:ac6b","rtt":1.428,"size":96,"ttl":63},{"from":"2c0f:f0b8:1600:0:822a:a8ff:fe4d:ac6b","rtt":2.625,"size":96,"ttl":63}]},{"hop":3,"result":[{"from":"2c0f:f0b8:0:107::1","rtt":1.62,"size":96,"ttl":62},{"from":"2c0f:f0b8:0:107::1","rtt":1.188,"size":96,"ttl":62},{"from":"2c0f:f0b8:0:107::1","rtt":1.19,"size":96,"ttl":62}]},{"hop":4,"result":[{"from":"2c0f:f0b8:0:101::","rtt":1.665,"size":96,"ttl":61},{"from":"2c0f:f0b8:0:101::","rtt":1.062,"size":96,"ttl":61},{"from":"2c0f:f0b8:0:101::","rtt":1.276,"size":96,"ttl":61}]},{"hop":5,"result":[{"from":"2c0f:f0b8:0:100::4","rtt":1.171,"size":96,"ttl":60},{"from":"2c0f:f0b8:0:100::4","rtt":1.733,"size":96,"ttl":60},{"from":"2c0f:f0b8:0:100::4","rtt":1.237,"size":96,"ttl":60}]},{"hop":6,"result":[{"from":"2a01:410:1:5010::8","rtt":46.546,"size":96,"ttl":59},{"from":"2a01:410:1:5010::8","rtt":2.355,"size":96,"ttl":59},{"from":"2a01:410:1:5010::8","rtt":2.4,"size":96,"ttl":59}]},{"hop":7,"result":[{"from":"2a01:410:1:1::12b","rtt":22.566,"size":96,"ttl":58},{"from":"2a01:410:1:1::12b","rtt":3.326,"size":96,"ttl":58},{"from":"2a01:410:1:1::12b","rtt":3.214,"size":96,"ttl":58}]},{"hop":8,"result":[{"from":"2a01:410:1:1::ba","rtt":6.067,"size":96,"ttl":57},{"from":"2a01:410:1:1::ba","rtt":6.424,"size":96,"ttl":57},{"from":"2a01:410:1:1::ba","rtt":6.183,"size":96,"ttl":57}]},{"hop":9,"result":[{"from":"2a01:410:1:1::134","rtt":18.395,"size":96,"ttl":56},{"from":"2a01:410:1:1::134","rtt":18.389,"size":96,"ttl":56},{"from":"2a01:410:1:1::134","rtt":18.437,"size":96,"ttl":56}]},{"hop":10,"result":[{"from":"2a01:410:0:2::102","ittl":0,"rtt":181.411,"size":96,"ttl":54},{"from":"2a01:410:0:2::102","ittl":0,"rtt":181.627,"size":96,"ttl":54},{"from":"2a01:410:0:2::102","ittl":0,"rtt":181.486,"size":96,"ttl":54}]},{"hop":11,"result":[{"x":"*"},{"x":"*"},{"x":"*"}]},{"hop":12,"result":[{"from":"2001:7f8:1::a503:2934:1","rtt":201.908,"size":96,"ttl":50},{"from":"2001:7f8:1::a503:2934:1","rtt":185.816,"size":96,"ttl":50},{"from":"2001:7f8:1::a503:2934:1","rtt":185.543,"size":96,"ttl":50}]},{"hop":13,"result":[{"from":"2620:0:1cff:dead:beef::1a34","rtt":187.374,"size":96,"ttl":51},{"from":"2620:0:1cff:dead:beef::1a34","rtt":187.063,"size":96,"ttl":51},{"from":"2620:0:1cff:dead:beef::1a34","rtt":189.666,"size":96,"ttl":51}]},{"hop":14,"result":[{"from":"2620:0:1cff:dead:beef::1aff","rtt":185.963,"size":96,"ttl":50},{"from":"2620:0:1cff:dead:beef::1aff","rtt":185.515,"size":96,"ttl":50},{"from":"2620:0:1cff:dead:beef::1aff","rtt":185.565,"size":96,"ttl":50}]},{"hop":15,"result":[{"from":"2a03:2880:f006:ffff::2b5","rtt":187.53,"size":96,"ttl":49},{"from":"2a03:2880:f006:ffff::2b5","rtt":187.201,"size":96,"ttl":49},{"from":"2a03:2880:f006:ffff::2b5","rtt":187.106,"size":96,"ttl":49}]},{"hop":16,"result":[{"from":"2a03:2880:f106:83:face:b00c:0:25de","rtt":189.22,"size":48,"ttl":48},{"from":"2a03:2880:f106:83:face:b00c:0:25de","rtt":188.803,"size":48,"ttl":48},{"from":"2a03:2880:f106:83:face:b00c:0:25de","rtt":188.568,"size":48,"ttl":48}]}],"size":48,"src_addr":"2c0f:f0b8:1200:0:d66e:eff:fe23:58ca","stored_timestamp":1512431202,"timestamp":1512431132,"type":"traceroute"}]