[{"af":6,"dst_addr":"2a00:1288:110:2::3007","dst_name":"2a00:1288:110:2::3007","endtime":1512431153,"from":"2c0f:f0b8:1200:0:d66e:eff:fe23:58ca","fw":4780,"group_id":10409673,"lts":125,"msm_id":10409673,"msm_name":"Traceroute","paris_id":1,"prb_id":33144,"proto":"ICMP","result":[{"hop":1,"result":[{"from":"2c0f:f0b8:1200::1","rtt":0.854,"size":96,"ttl":255},{"from":"2c0f:f0b8:1200::1","rtt":0.51,"size":96,"ttl":255},{"x":"*"}]},{"hop":2,"result":[{"from":"2c0f:f0b8:1600:0:822a:a8ff:fe4d:ac6b","rtt":0.965,"size":96,"ttl":63},{"from":"2c0f:f0b8:1600:0:822a:a8ff:fe4d:ac6b","rtt":0.771,"size":96,"ttl":63},{"from":"2c0f:f0b8:1600:0:822a:a8ff:fe4d:ac6b","rtt":0.765,"size":96,"ttl":63}]},{"hop":3,"result":[{"from":"2c0f:f0b8:0:107::1","rtt":1.204,"size":96,"ttl":62},{"from":"2c0f:f0b8:0:107::1","rtt":1.135,"size":96,"ttl":62},{"from":"2c0f:f0b8:0:107::1","rtt":1.122,"size":96,"ttl":62}]},{"hop":4,"result":[{"from":"2c0f:f0b8:0:101::","rtt":1.623,"size":96,"ttl":61},{"from":"2c0f:f0b8:0:101::","rtt":1.07,"size":96,"ttl":61},{"from":"2c0f:f0b8:0:101::","rtt":1.003,"size":96,"ttl":61}]},{"hop":5,"result":[{"from":"2c0f:f0b8:0:100::4","rtt":1.741,"size":96,"ttl":60},{"from":"2c0f:f0b8:0:100::4","rtt":1.252,"size":96,"ttl":60},{"from":"2c0f:f0b8:0:100::4","rtt":1.157,"size":96,"ttl":60}]},{"hop":6,"result":[{"from":"2a01:410:1:5010::8","rtt":2.748,"size":96,"ttl":59},{"from":"2a01:410:1:5010::8","rtt":68.703,"size":96,"ttl":59},{"from":"2a01:410:1:5010::8","rtt":2.254,"size":96,"ttl":59}]},{"hop":7,"result":[{"from":"2a01:410:1:1::12b","rtt":4.784,"size":96,"ttl":58},{"from":"2a01:410:1:1::12b","rtt":3.241,"size":96,"ttl":58},{"from":"2a01:410:1:1::12b","rtt":2.595,"size":96,"ttl":58}]},{"hop":8,"result":[{"from":"2a01:410:1:1::ba","rtt":6.524,"size":96,"ttl":57},{"from":"2a01:410:1:1::ba","rtt":5.997,"size":96,"ttl":57},{"from":"2a01:410:1:1::ba","rtt":6.253,"size":96,"ttl":57}]},{"hop":9,"result":[{"from":"2a01:410:1:1::10d","rtt":15.611,"size":96,"ttl":56},{"from":"2a01:410:1:1::10d","rtt":20.31,"size":96,"ttl":56},{"from":"2a01:410:1:1::10d","rtt":15.366,"size":96,"ttl":56}]},{"hop":10,"result":[{"from":"2a01:410:0:2::102","ittl":0,"rtt":178.634,"size":96,"ttl":54},{"from":"2a01:410:0:2::102","ittl":0,"rtt":178.257,"size":96,"ttl":54},{"from":"2a01:410:0:2::102","ittl":0,"rtt":178.316,"size":96,"ttl":54}]},{"hop":11,"result":[{"x":"*"},{"x":"*"},{"from":"2a01:410:1:9000::21","rtt":178.558,"size":96,"ttl":53}]},{"hop":12,"result":[{"from":"2001:7f8::2846:0:1","rtt":190.927,"size":96,"ttl":52},{"from":"2001:7f8::2846:0:1","rtt":190.451,"size":96,"ttl":52},{"from":"2001:7f8::2846:0:1","rtt":190.531,"size":96,"ttl":52}]},{"hop":13,"result":[{"from":"2a00:1288:f025:d::","rtt":201.303,"size":96,"ttl":50},{"from":"2a00:1288:f025:d::","rtt":198.124,"size":96,"ttl":50},{"from":"2a00:1288:f025:d::","rtt":190.021,"size":96,"ttl":50}]},{"hop":14,"result":[{"from":"2a00:1288:f025:c::1","rtt":203.09,"size":96,"ttl":50},{"from":"2a00:1288:f025:c::1","rtt":202.67,"size":96,"ttl":50},{"from":"2a00:1288:f025:c::1","rtt":203.003,"size":96,"ttl":50}]},{"hop":15,"result":[{"from":"2a00:1288:f020:7::1","rtt":201.591,"size":96,"ttl":49},{"from":"2a00:1288:f020:7::1","rtt":201.099,"size":96,"ttl":49},{"from":"2a00:1288:f020:7::1","rtt":201.258,"size":96,"ttl":49}]},{"hop":16,"result":[{"from":"2a00:1288:110:fc48::1","rtt":202.154,"size":96,"ttl":239},{"from":"2a00:1288:110:fc48::1","rtt":201.653,"size":96,"ttl":239},{"from":"2a00:1288:110:fc48::1","rtt":202.518,"size":96,"ttl":239}]},{"hop":17,"result":[{"from":"2a00:1288:110:2::3007","rtt":199.959,"size":48,"ttl":47},{"from":"2a00:1288:110:2::3007","rtt":199.504,"size":48,"ttl":47},{"from":"2a00:1288:110:2::3007","rtt":199.556,"size":48,"ttl":47}]}],"size":48,"src_addr":"2c0f:f0b8:1200:0:d66e:eff:fe23:58ca","stored_timestamp":1512431202,"timestamp":1512431136,"type":"traceroute"}]