[{"af":6,"dst_addr":"2a03:2880:f106:83:face:b00c:0:25de","dst_name":"2a03:2880:f106:83:face:b00c:0:25de","endtime":1512431034,"from":"2c0f:feb0:b:1::8","fw":4780,"group_id":10409522,"lts":29,"msm_id":10409522,"msm_name":"Traceroute","paris_id":1,"prb_id":25355,"proto":"ICMP","result":[{"hop":1,"result":[{"from":"2c0f:feb0:b:1::ff7e","rtt":0.88,"size":96,"ttl":64},{"from":"2c0f:feb0:b:1::ff7e","rtt":0.905,"size":96,"ttl":64},{"from":"2c0f:feb0:b:1::ff7e","rtt":0.889,"size":96,"ttl":64}]},{"hop":2,"result":[{"from":"2c0f:feb0:b::2","rtt":2.215,"size":96,"ttl":63},{"from":"2c0f:feb0:b::2","rtt":1.479,"size":96,"ttl":63},{"from":"2c0f:feb0:b::2","rtt":1.389,"size":96,"ttl":63}]},{"hop":3,"result":[{"from":"2c0f:feb0:1:2::15a","rtt":18.012,"size":96,"ttl":62},{"from":"2c0f:feb0:1:2::15a","rtt":17.379,"size":96,"ttl":62},{"x":"*"}]},{"hop":4,"result":[{"x":"*"},{"x":"*"},{"x":"*"}]},{"hop":5,"result":[{"from":"2c0f:feb0:1:2::fd","rtt":163.671,"size":96,"ttl":60},{"from":"2c0f:feb0:1:2::fd","rtt":163.706,"size":96,"ttl":60},{"from":"2c0f:feb0:1:2::fd","rtt":163.628,"size":96,"ttl":60}]},{"hop":6,"result":[{"from":"2c0f:feb0:1:2::10a","rtt":163.857,"size":96,"ttl":59},{"from":"2c0f:feb0:1:2::10a","rtt":165.278,"size":96,"ttl":59},{"from":"2c0f:feb0:1:2::10a","rtt":163.794,"size":96,"ttl":59}]},{"hop":7,"result":[{"x":"*"},{"x":"*"},{"x":"*"}]},{"hop":8,"result":[{"from":"2620:0:1cff:dead:beef::1a3a","rtt":164.138,"size":96,"ttl":54},{"from":"2620:0:1cff:dead:beef::1a3a","rtt":164.207,"size":96,"ttl":54},{"from":"2620:0:1cff:dead:beef::1a3a","rtt":164.193,"size":96,"ttl":54}]},{"hop":9,"result":[{"from":"2620:0:1cff:dead:beef::1b0d","rtt":164.074,"size":96,"ttl":53},{"from":"2620:0:1cff:dead:beef::1b0d","rtt":164.203,"size":96,"ttl":53},{"from":"2620:0:1cff:dead:beef::1b0d","rtt":164.244,"size":96,"ttl":53}]},{"hop":10,"result":[{"from":"2a03:2880:f006:ffff::257","rtt":164.656,"size":96,"ttl":52},{"from":"2a03:2880:f006:ffff::257","rtt":164.611,"size":96,"ttl":52},{"from":"2a03:2880:f006:ffff::257","rtt":164.587,"size":96,"ttl":52}]},{"hop":11,"result":[{"from":"2a03:2880:f106:83:face:b00c:0:25de","rtt":164.664,"size":48,"ttl":51},{"from":"2a03:2880:f106:83:face:b00c:0:25de","rtt":164.667,"size":48,"ttl":51},{"from":"2a03:2880:f106:83:face:b00c:0:25de","rtt":164.69,"size":48,"ttl":51}]}],"size":48,"src_addr":"2c0f:feb0:b:1::8","stored_timestamp":1512431102,"timestamp":1512431002,"type":"traceroute"}]