[{"af":6,"dst_addr":"2620:109:c007:102::5be1:f881","dst_name":"2620:109:c007:102::5be1:f881","endtime":1512431183,"from":"2c0f:f0b8:1200:0:d66e:eff:fe23:58ca","fw":4780,"group_id":10409685,"lts":23,"msm_id":10409685,"msm_name":"Traceroute","paris_id":1,"prb_id":33144,"proto":"ICMP","result":[{"hop":1,"result":[{"from":"2c0f:f0b8:1200::1","rtt":0.742,"size":96,"ttl":255},{"from":"2c0f:f0b8:1200::1","rtt":0.889,"size":96,"ttl":255},{"from":"2c0f:f0b8:1200::1","rtt":0.492,"size":96,"ttl":255}]},{"hop":2,"result":[{"from":"2c0f:f0b8:1600:0:822a:a8ff:fe4d:ac6b","rtt":0.871,"size":96,"ttl":63},{"from":"2c0f:f0b8:1600:0:822a:a8ff:fe4d:ac6b","rtt":0.735,"size":96,"ttl":63},{"from":"2c0f:f0b8:1600:0:822a:a8ff:fe4d:ac6b","rtt":0.731,"size":96,"ttl":63}]},{"hop":3,"result":[{"from":"2c0f:f0b8:0:107::1","rtt":1.212,"size":96,"ttl":62},{"from":"2c0f:f0b8:0:107::1","rtt":1.391,"size":96,"ttl":62},{"from":"2c0f:f0b8:0:107::1","rtt":1.17,"size":96,"ttl":62}]},{"hop":4,"result":[{"from":"2c0f:f0b8:0:101::","rtt":4.316,"size":96,"ttl":61},{"from":"2c0f:f0b8:0:101::","rtt":1.069,"size":96,"ttl":61},{"from":"2c0f:f0b8:0:101::","rtt":1.04,"size":96,"ttl":61}]},{"hop":5,"result":[{"from":"2c0f:f0b8:0:100::4","rtt":1.438,"size":96,"ttl":60},{"from":"2c0f:f0b8:0:100::4","rtt":1.912,"size":96,"ttl":60},{"from":"2c0f:f0b8:0:100::4","rtt":1.178,"size":96,"ttl":60}]},{"hop":6,"result":[{"from":"2a01:410:1:5010::8","rtt":49.187,"size":96,"ttl":59},{"from":"2a01:410:1:5010::8","rtt":2.307,"size":96,"ttl":59},{"from":"2a01:410:1:5010::8","rtt":2.737,"size":96,"ttl":59}]},{"hop":7,"result":[{"from":"2a01:410:1:1::12b","rtt":8.666,"size":96,"ttl":58},{"from":"2a01:410:1:1::12b","rtt":2.765,"size":96,"ttl":58},{"from":"2a01:410:1:1::12b","rtt":2.78,"size":96,"ttl":58}]},{"hop":8,"result":[{"from":"2a01:410:1:1::ba","rtt":6.125,"size":96,"ttl":57},{"from":"2a01:410:1:1::ba","rtt":6.112,"size":96,"ttl":57},{"from":"2a01:410:1:1::ba","rtt":6.118,"size":96,"ttl":57}]},{"hop":9,"result":[{"from":"2a01:410:1:1::b5","rtt":15.275,"size":96,"ttl":56},{"from":"2a01:410:1:1::b5","rtt":15.427,"size":96,"ttl":56},{"from":"2a01:410:1:1::b5","rtt":15.246,"size":96,"ttl":56}]},{"hop":10,"result":[{"from":"2a01:410:0:2::102","ittl":0,"rtt":178.392,"size":96,"ttl":54},{"from":"2a01:410:0:2::102","ittl":0,"rtt":178.685,"size":96,"ttl":54},{"from":"2a01:410:0:2::102","ittl":0,"rtt":178.504,"size":96,"ttl":54}]},{"hop":11,"result":[{"x":"*"},{"x":"*"},{"x":"*"}]},{"hop":12,"result":[{"from":"2001:7f8::3:3ec:0:1","rtt":190.053,"size":96,"ttl":51},{"from":"2001:7f8::3:3ec:0:1","rtt":189.402,"size":96,"ttl":51},{"from":"2001:7f8::3:3ec:0:1","rtt":189.446,"size":96,"ttl":51}]},{"hop":13,"result":[{"from":"2620:109:c000:47::1","rtt":206.751,"size":96,"ttl":51},{"from":"2620:109:c000:47::1","rtt":206.493,"size":96,"ttl":51},{"from":"2620:109:c000:47::1","rtt":206.131,"size":96,"ttl":51}]},{"hop":14,"result":[{"from":"2620:109:c000:113::2","rtt":201.568,"size":96,"ttl":240},{"from":"2620:109:c000:113::2","rtt":200.833,"size":96,"ttl":240},{"from":"2620:109:c000:113::2","rtt":200.732,"size":96,"ttl":240}]},{"hop":15,"result":[{"from":"2620:109:c007:102::5be1:f881","rtt":206.601,"size":48,"ttl":49},{"from":"2620:109:c007:102::5be1:f881","rtt":206.18,"size":48,"ttl":49},{"from":"2620:109:c007:102::5be1:f881","rtt":206.151,"size":48,"ttl":49}]}],"size":48,"src_addr":"2c0f:f0b8:1200:0:d66e:eff:fe23:58ca","stored_timestamp":1512431254,"timestamp":1512431168,"type":"traceroute"}]