[{"af":6,"dst_addr":"2406:da00:ff00::3404:d29c","dst_name":"2406:da00:ff00::3404:d29c","endtime":1512431531,"from":"2a01:e34:ee8c:180:6666:b3ff:fed1:2ad8","fw":4780,"group_id":10409745,"lts":18,"msm_id":10409745,"msm_name":"Traceroute","paris_id":1,"prb_id":16703,"proto":"ICMP","result":[{"hop":1,"result":[{"from":"2a01:e34:ee8c:180::1","rtt":0.841,"size":96,"ttl":64},{"from":"2a01:e34:ee8c:180::1","rtt":0.447,"size":96,"ttl":64},{"from":"2a01:e34:ee8c:180::1","rtt":0.417,"size":96,"ttl":64}]},{"hop":2,"result":[{"x":"*"},{"x":"*"},{"x":"*"}]},{"hop":3,"result":[{"x":"*"},{"x":"*"},{"x":"*"}]},{"hop":4,"result":[{"from":"2a01:e00:1b::e","rtt":35.151,"size":96,"ttl":61},{"x":"*"},{"x":"*"}]},{"hop":5,"result":[{"from":"2001:7f8:4::1b1b:1","rtt":40.317,"size":96,"ttl":60},{"from":"2001:7f8:4::1b1b:1","rtt":34.208,"size":96,"ttl":60},{"from":"2001:7f8:4::1b1b:1","rtt":42.945,"size":96,"ttl":60}]},{"hop":6,"result":[{"from":"2001:470:0:2cf::2","rtt":107.997,"size":96,"ttl":57},{"from":"2001:470:0:2cf::2","rtt":111.459,"size":96,"ttl":57},{"from":"2001:470:0:2cf::2","rtt":114.356,"size":96,"ttl":57}]},{"hop":7,"result":[{"from":"2001:428:601:e::1","rtt":108.448,"size":96,"ttl":56},{"from":"2001:428:601:e::1","rtt":108.432,"size":96,"ttl":56},{"from":"2001:428:601:e::1","rtt":108.738,"size":96,"ttl":56}]},{"hop":8,"result":[{"from":"2001:428::205:171:2:47","rtt":108.915,"size":96,"ttl":56},{"from":"2001:428::205:171:2:47","rtt":108.964,"size":96,"ttl":56},{"from":"2001:428::205:171:2:47","rtt":109.197,"size":96,"ttl":56}]},{"hop":9,"result":[{"from":"2001:428:2402:10:0:22:0:2","rtt":108.961,"size":96,"ttl":55},{"from":"2001:428:2402:10:0:22:0:2","rtt":109.174,"size":96,"ttl":55},{"from":"2001:428:2402:10:0:22:0:2","rtt":109.312,"size":96,"ttl":55}]},{"hop":10,"result":[{"x":"*"},{"x":"*"},{"x":"*"}]},{"hop":11,"result":[{"from":"2620:107:4000::5d","icmpext":{"obj":[{"class":1,"mpls":[{"exp":0,"label":652305,"s":0,"ttl":1},{"exp":0,"label":2,"s":1,"ttl":2}],"type":1}],"rfc4884":0,"version":2},"ittl":2,"rtt":109.443,"size":144,"ttl":48},{"from":"2620:107:4000::5d","icmpext":{"obj":[{"class":1,"mpls":[{"exp":0,"label":652305,"s":0,"ttl":1},{"exp":0,"label":2,"s":1,"ttl":2}],"type":1}],"rfc4884":0,"version":2},"ittl":2,"rtt":109.892,"size":144,"ttl":48},{"from":"2620:107:4000::5d","icmpext":{"obj":[{"class":1,"mpls":[{"exp":0,"label":652305,"s":0,"ttl":1},{"exp":0,"label":2,"s":1,"ttl":2}],"type":1}],"rfc4884":0,"version":2},"ittl":2,"rtt":109.673,"size":144,"ttl":48}]},{"hop":12,"result":[{"x":"*"},{"x":"*"},{"x":"*"}]},{"hop":13,"result":[{"from":"2620:107:4000::8a","rtt":109.264,"size":96,"ttl":51},{"from":"2620:107:4000::8a","rtt":109.164,"size":96,"ttl":51},{"from":"2620:107:4000::8a","rtt":110.477,"size":96,"ttl":51}]},{"hop":14,"result":[{"x":"*"},{"x":"*"},{"x":"*"}]},{"hop":15,"result":[{"x":"*"},{"x":"*"},{"x":"*"}]},{"hop":16,"result":[{"x":"*"},{"x":"*"},{"x":"*"}]},{"hop":17,"result":[{"x":"*"},{"x":"*"},{"x":"*"}]},{"hop":18,"result":[{"x":"*"},{"x":"*"},{"x":"*"}]},{"hop":255,"result":[{"from":"2406:da00:ff00::3404:d29c","rtt":109.162,"size":48,"ttl":45},{"from":"2406:da00:ff00::3404:d29c","rtt":109.694,"size":48,"ttl":45},{"from":"2406:da00:ff00::3404:d29c","rtt":109.474,"size":48,"ttl":45}]}],"size":48,"src_addr":"2a01:e34:ee8c:180:6666:b3ff:fed1:2ad8","stored_timestamp":1512431541,"timestamp":1512431413,"type":"traceroute"}]