[{"af":6,"dst_addr":"2a03:2880:f106:83:face:b00c:0:25de","dst_name":"2a03:2880:f106:83:face:b00c:0:25de","endtime":1512431478,"from":"2801:1a0:5:70:a2f3:c1ff:fec4:3b52","fw":4780,"group_id":10409822,"lts":54,"msm_id":10409822,"msm_name":"Traceroute","paris_id":1,"prb_id":12833,"proto":"ICMP","result":[{"hop":1,"result":[{"from":"2801:1a0:5:70::1","rtt":1.343,"size":96,"ttl":64},{"from":"2801:1a0:5:70::1","rtt":1.601,"size":96,"ttl":64},{"from":"2801:1a0:5:70::1","rtt":1.529,"size":96,"ttl":64}]},{"hop":2,"result":[{"from":"2801:1a0:0:3::1","rtt":0.778,"size":96,"ttl":63},{"from":"2801:1a0:0:3::1","rtt":0.746,"size":96,"ttl":63},{"from":"2801:1a0:0:3::1","rtt":0.545,"size":96,"ttl":63}]},{"hop":3,"result":[{"from":"2801:1a0:0:4::2","rtt":0.722,"size":96,"ttl":62},{"from":"2801:1a0:0:4::2","rtt":1.157,"size":96,"ttl":62},{"from":"2801:1a0:0:4::2","rtt":1.025,"size":96,"ttl":62}]},{"hop":4,"result":[{"from":"2800:490:4000::1","rtt":1.145,"size":96,"ttl":61},{"from":"2800:490:4000::1","rtt":1.136,"size":96,"ttl":61},{"from":"2800:490:4000::1","rtt":1.349,"size":96,"ttl":61}]},{"hop":5,"result":[{"from":"2800:310:400::15","rtt":2.95,"size":96,"ttl":60},{"from":"2800:310:400::15","rtt":2.698,"size":96,"ttl":60},{"from":"2800:310:400::15","rtt":3.315,"size":96,"ttl":60}]},{"hop":6,"result":[{"from":"2600:3:2000:2::3f","rtt":6.275,"size":96,"ttl":59},{"from":"2600:3:2000:2::3f","rtt":6.421,"size":96,"ttl":59},{"from":"2600:3:2000:2::3f","rtt":6.399,"size":96,"ttl":59}]},{"hop":7,"result":[{"from":"2600:3:2000:2::3e","rtt":68.351,"size":96,"ttl":58},{"from":"2600:3:2000:2::3e","rtt":66.737,"size":96,"ttl":58},{"from":"2600:3:2000:2::3e","rtt":66.819,"size":96,"ttl":58}]},{"hop":8,"result":[{"from":"2600:0:2:1239:144:232:14:217","rtt":72.58,"size":96,"ttl":57},{"from":"2600:0:2:1239:144:232:14:217","rtt":69.102,"size":96,"ttl":57},{"from":"2600:0:2:1239:144:232:14:217","rtt":69.492,"size":96,"ttl":57}]},{"hop":9,"result":[{"from":"2001:418:0:4000::131","rtt":63.904,"size":96,"ttl":56},{"from":"2001:418:0:4000::131","rtt":63.696,"size":96,"ttl":56},{"from":"2001:418:0:4000::131","rtt":63.206,"size":96,"ttl":56}]},{"hop":10,"result":[{"from":"2001:418:0:2000::89","rtt":73.765,"size":96,"ttl":57},{"from":"2001:418:0:2000::89","rtt":72.884,"size":96,"ttl":57},{"from":"2001:418:0:2000::89","rtt":72.946,"size":96,"ttl":57}]},{"hop":11,"result":[{"from":"2001:418:0:2000::269","rtt":73.067,"size":96,"ttl":57},{"from":"2001:418:0:2000::269","rtt":83.401,"size":96,"ttl":57},{"from":"2001:418:0:2000::269","rtt":72.798,"size":96,"ttl":57}]},{"hop":12,"result":[{"from":"2001:418:0:2000::f1","rtt":93.602,"size":96,"ttl":55},{"from":"2001:418:0:2000::f1","rtt":93.898,"size":96,"ttl":55},{"from":"2001:418:0:2000::f1","rtt":94.221,"size":96,"ttl":55}]},{"hop":13,"result":[{"from":"2001:418:0:6000::10e","rtt":165.087,"size":96,"ttl":55},{"from":"2001:418:0:6000::10e","rtt":165.117,"size":96,"ttl":55},{"from":"2001:418:0:6000::10e","rtt":165.221,"size":96,"ttl":55}]},{"hop":14,"result":[{"from":"2001:728:0:5000::9da","rtt":155.783,"size":96,"ttl":55},{"from":"2001:728:0:5000::9da","rtt":156.193,"size":96,"ttl":55},{"from":"2001:728:0:5000::9da","rtt":155.722,"size":96,"ttl":55}]},{"hop":15,"result":[{"from":"2620:0:1cff:dead:beef::c72","rtt":156.238,"size":96,"ttl":52},{"from":"2620:0:1cff:dead:beef::c72","rtt":156.338,"size":96,"ttl":52},{"from":"2620:0:1cff:dead:beef::c72","rtt":156.423,"size":96,"ttl":52}]},{"hop":16,"result":[{"from":"2620:0:1cff:dead:beef::1ad5","rtt":156.045,"size":96,"ttl":53},{"from":"2620:0:1cff:dead:beef::1ad5","rtt":156.382,"size":96,"ttl":53},{"from":"2620:0:1cff:dead:beef::1ad5","rtt":156.139,"size":96,"ttl":53}]},{"hop":17,"result":[{"from":"2a03:2880:f006:ffff::235","rtt":156.071,"size":96,"ttl":52},{"from":"2a03:2880:f006:ffff::235","rtt":156.076,"size":96,"ttl":52},{"from":"2a03:2880:f006:ffff::235","rtt":156.193,"size":96,"ttl":52}]},{"hop":18,"result":[{"from":"2a03:2880:f106:83:face:b00c:0:25de","rtt":156.11,"size":48,"ttl":51},{"from":"2a03:2880:f106:83:face:b00c:0:25de","rtt":155.846,"size":48,"ttl":51},{"from":"2a03:2880:f106:83:face:b00c:0:25de","rtt":155.84,"size":48,"ttl":51}]}],"size":48,"src_addr":"2801:1a0:5:70:a2f3:c1ff:fec4:3b52","stored_timestamp":1512431528,"timestamp":1512431474,"type":"traceroute"}]