[{"af":6,"dst_addr":"2a02:26f0:7b:48a::102d","dst_name":"2a02:26f0:7b:48a::102d","endtime":1512431181,"from":"2c0f:f0b8:1200:0:d66e:eff:fe23:58ca","fw":4780,"group_id":10409683,"lts":21,"msm_id":10409683,"msm_name":"Traceroute","paris_id":1,"prb_id":33144,"proto":"ICMP","result":[{"hop":1,"result":[{"from":"2c0f:f0b8:1200::1","rtt":0.924,"size":96,"ttl":255},{"from":"2c0f:f0b8:1200::1","rtt":0.457,"size":96,"ttl":255},{"from":"2c0f:f0b8:1200::1","rtt":0.448,"size":96,"ttl":255}]},{"hop":2,"result":[{"from":"2c0f:f0b8:1600:0:822a:a8ff:fe4d:ac6b","rtt":0.875,"size":96,"ttl":63},{"from":"2c0f:f0b8:1600:0:822a:a8ff:fe4d:ac6b","rtt":0.717,"size":96,"ttl":63},{"from":"2c0f:f0b8:1600:0:822a:a8ff:fe4d:ac6b","rtt":0.698,"size":96,"ttl":63}]},{"hop":3,"result":[{"from":"2c0f:f0b8:0:107::1","rtt":1.244,"size":96,"ttl":62},{"from":"2c0f:f0b8:0:107::1","rtt":1.301,"size":96,"ttl":62},{"from":"2c0f:f0b8:0:107::1","rtt":1.204,"size":96,"ttl":62}]},{"hop":4,"result":[{"from":"2c0f:f0b8:0:101::","rtt":1.514,"size":96,"ttl":61},{"from":"2c0f:f0b8:0:101::","rtt":1.07,"size":96,"ttl":61},{"from":"2c0f:f0b8:0:101::","rtt":1.07,"size":96,"ttl":61}]},{"hop":5,"result":[{"from":"2c0f:f0b8:0:100::4","rtt":1.269,"size":96,"ttl":60},{"from":"2c0f:f0b8:0:100::4","rtt":1.172,"size":96,"ttl":60},{"from":"2c0f:f0b8:0:100::4","rtt":2.937,"size":96,"ttl":60}]},{"hop":6,"result":[{"from":"2a01:410:1:5010::8","rtt":78.824,"size":96,"ttl":59},{"from":"2a01:410:1:5010::8","rtt":2.508,"size":96,"ttl":59},{"from":"2a01:410:1:5010::8","rtt":2.271,"size":96,"ttl":59}]},{"hop":7,"result":[{"from":"2a01:410:1:1::12b","rtt":80.634,"size":96,"ttl":58},{"from":"2a01:410:1:1::12b","rtt":3.131,"size":96,"ttl":58},{"from":"2a01:410:1:1::12b","rtt":2.308,"size":96,"ttl":58}]},{"hop":8,"result":[{"from":"2a01:410:1:1::ba","rtt":6.212,"size":96,"ttl":57},{"from":"2a01:410:1:1::ba","rtt":6.01,"size":96,"ttl":57},{"from":"2a01:410:1:1::ba","rtt":6.087,"size":96,"ttl":57}]},{"hop":9,"result":[{"from":"2a01:410:1:1::10d","rtt":15.27,"size":96,"ttl":56},{"from":"2a01:410:1:1::10d","rtt":15.162,"size":96,"ttl":56},{"from":"2a01:410:1:1::10d","rtt":15.512,"size":96,"ttl":56}]},{"hop":10,"result":[{"from":"2a01:410:0:2::102","ittl":0,"rtt":178.377,"size":96,"ttl":54},{"from":"2a01:410:0:2::102","ittl":0,"rtt":180.038,"size":96,"ttl":54},{"from":"2a01:410:0:2::102","ittl":0,"rtt":178.511,"size":96,"ttl":54}]},{"hop":11,"result":[{"x":"*"},{"x":"*"},{"x":"*"}]},{"hop":12,"result":[{"x":"*"},{"x":"*"},{"from":"2001:7f8:1::a502:940:1","rtt":182.907,"size":96,"ttl":52}]},{"hop":13,"result":[{"from":"2a02:26f0:7b:48a::102d","rtt":182.541,"size":48,"ttl":51},{"from":"2a02:26f0:7b:48a::102d","rtt":181.867,"size":48,"ttl":51},{"from":"2a02:26f0:7b:48a::102d","rtt":181.905,"size":48,"ttl":51}]}],"size":48,"src_addr":"2c0f:f0b8:1200:0:d66e:eff:fe23:58ca","stored_timestamp":1512431254,"timestamp":1512431159,"type":"traceroute"}]