[{"af":6,"dst_addr":"2a00:1288:110:2::3007","dst_name":"2a00:1288:110:2::3007","endtime":1512431448,"from":"2a03:1c00:0:2::2","fw":4780,"group_id":10409778,"lts":39,"msm_id":10409778,"msm_name":"Traceroute","paris_id":1,"prb_id":13964,"proto":"ICMP","result":[{"hop":1,"result":[{"from":"2a03:1c00:0:2::1","rtt":0.757,"size":96,"ttl":64},{"from":"2a03:1c00:0:2::1","rtt":0.608,"size":96,"ttl":64},{"from":"2a03:1c00:0:2::1","rtt":0.585,"size":96,"ttl":64}]},{"hop":2,"result":[{"from":"2a03:1c00:0:1::226","rtt":0.675,"size":96,"ttl":63},{"from":"2a03:1c00:0:1::226","rtt":0.681,"size":96,"ttl":63},{"from":"2a03:1c00:0:1::226","rtt":0.635,"size":96,"ttl":63}]},{"hop":3,"result":[{"from":"2a03:1c00:0:1::224","rtt":0.751,"size":96,"ttl":63},{"from":"2a03:1c00:0:1::224","rtt":0.679,"size":96,"ttl":63},{"from":"2a03:1c00:0:1::224","rtt":0.735,"size":96,"ttl":63}]},{"hop":4,"result":[{"from":"2001:7f8:73::1b1b:0:1","rtt":16.945,"size":96,"ttl":62},{"from":"2001:7f8:73::1b1b:0:1","rtt":14.36,"size":96,"ttl":62},{"from":"2001:7f8:73::1b1b:0:1","rtt":14.98,"size":96,"ttl":62}]},{"hop":5,"result":[{"from":"2001:470:0:3c9::1","rtt":87.014,"size":96,"ttl":61},{"from":"2001:470:0:3c9::1","rtt":86.974,"size":96,"ttl":61},{"from":"2001:470:0:3c9::1","rtt":86.927,"size":96,"ttl":61}]},{"hop":6,"result":[{"from":"2001:df5:b800:bb00:0:1:310:4","rtt":87.07,"size":96,"ttl":60},{"from":"2001:df5:b800:bb00:0:1:310:4","rtt":87.101,"size":96,"ttl":60},{"from":"2001:df5:b800:bb00:0:1:310:4","rtt":87.129,"size":96,"ttl":60}]},{"hop":7,"result":[{"from":"2406:2000:f015::","rtt":87.886,"size":96,"ttl":60},{"from":"2406:2000:f015::","rtt":87.183,"size":96,"ttl":60},{"from":"2406:2000:f015::","rtt":87.11,"size":96,"ttl":60}]},{"hop":8,"result":[{"from":"2406:2000:f015:6::1","rtt":87.729,"size":96,"ttl":60},{"from":"2406:2000:f015:6::1","rtt":87.744,"size":96,"ttl":60},{"from":"2406:2000:f015:6::1","rtt":88.067,"size":96,"ttl":60}]},{"hop":9,"result":[{"from":"2406:2000:f01f:13::1","rtt":119.43,"size":96,"ttl":59},{"from":"2406:2000:f01f:13::1","rtt":119.546,"size":96,"ttl":59},{"from":"2406:2000:f01f:13::1","rtt":119.455,"size":96,"ttl":59}]},{"hop":10,"result":[{"from":"2001:4998:f005:b::","rtt":249.514,"size":96,"ttl":56},{"from":"2001:4998:f005:b::","rtt":249.341,"size":96,"ttl":56},{"from":"2001:4998:f005:b::","rtt":249.326,"size":96,"ttl":56}]},{"hop":11,"result":[{"from":"2001:4998:f005:2::1","rtt":247.624,"size":96,"ttl":58},{"from":"2001:4998:f005:2::1","rtt":247.581,"size":96,"ttl":58},{"from":"2001:4998:f005:2::1","rtt":247.584,"size":96,"ttl":58}]},{"hop":12,"result":[{"from":"2001:4998:f00d:2::","rtt":247.961,"size":96,"ttl":58},{"from":"2001:4998:f00d:2::","rtt":248.48,"size":96,"ttl":58},{"from":"2001:4998:f00d:2::","rtt":247.834,"size":96,"ttl":58}]},{"hop":13,"result":[{"from":"2001:4998:f00d:3::1","rtt":248.745,"size":96,"ttl":55},{"from":"2001:4998:f00d:3::1","rtt":248.745,"size":96,"ttl":55},{"from":"2001:4998:f00d:3::1","rtt":248.778,"size":96,"ttl":55}]},{"hop":14,"result":[{"from":"2001:4998:f01c:f::1","rtt":254.794,"size":96,"ttl":54},{"from":"2001:4998:f01c:f::1","rtt":254.912,"size":96,"ttl":54},{"from":"2001:4998:f01c:f::1","rtt":254.825,"size":96,"ttl":54}]},{"hop":15,"result":[{"from":"2a00:1288:f020:8::1","rtt":253.099,"size":96,"ttl":53},{"from":"2a00:1288:f020:8::1","rtt":253.107,"size":96,"ttl":53},{"from":"2a00:1288:f020:8::1","rtt":253.08,"size":96,"ttl":53}]},{"hop":16,"result":[{"from":"2a00:1288:110:fc4d::1","rtt":253.905,"size":96,"ttl":244},{"from":"2a00:1288:110:fc4d::1","rtt":254.794,"size":96,"ttl":244},{"from":"2a00:1288:110:fc4d::1","rtt":254.072,"size":96,"ttl":244}]},{"hop":17,"result":[{"from":"2a00:1288:110:2::3007","rtt":254.832,"size":48,"ttl":51},{"from":"2a00:1288:110:2::3007","rtt":254.843,"size":48,"ttl":51},{"from":"2a00:1288:110:2::3007","rtt":254.801,"size":48,"ttl":51}]}],"size":48,"src_addr":"2a03:1c00:0:2::2","stored_timestamp":1512431499,"timestamp":1512431440,"type":"traceroute"}]