[{"af":6,"dst_addr":"2620:109:c007:102::5be1:f881","dst_name":"2620:109:c007:102::5be1:f881","endtime":1512431503,"from":"2801:1a0:5:70:a2f3:c1ff:fec4:3b52","fw":4780,"group_id":10409839,"lts":17,"msm_id":10409839,"msm_name":"Traceroute","paris_id":1,"prb_id":12833,"proto":"ICMP","result":[{"hop":1,"result":[{"from":"2801:1a0:5:70::1","rtt":1.074,"size":96,"ttl":64},{"from":"2801:1a0:5:70::1","rtt":0.964,"size":96,"ttl":64},{"from":"2801:1a0:5:70::1","rtt":1.075,"size":96,"ttl":64}]},{"hop":2,"result":[{"from":"2801:1a0:0:3::1","rtt":0.316,"size":96,"ttl":63},{"from":"2801:1a0:0:3::1","rtt":0.516,"size":96,"ttl":63},{"from":"2801:1a0:0:3::1","rtt":0.534,"size":96,"ttl":63}]},{"hop":3,"result":[{"from":"2801:1a0:0:4::2","rtt":0.987,"size":96,"ttl":62},{"from":"2801:1a0:0:4::2","rtt":0.78,"size":96,"ttl":62},{"from":"2801:1a0:0:4::2","rtt":0.77,"size":96,"ttl":62}]},{"hop":4,"result":[{"from":"2800:490:4000::1","rtt":1.001,"size":96,"ttl":61},{"from":"2800:490:4000::1","rtt":1.013,"size":96,"ttl":61},{"from":"2800:490:4000::1","rtt":0.907,"size":96,"ttl":61}]},{"hop":5,"result":[{"from":"2800:310:400::15","rtt":2.957,"size":96,"ttl":60},{"from":"2800:310:400::15","rtt":2.762,"size":96,"ttl":60},{"from":"2800:310:400::15","rtt":2.716,"size":96,"ttl":60}]},{"hop":6,"result":[{"from":"2600:3:2000:2::3f","rtt":6.42,"size":96,"ttl":59},{"from":"2600:3:2000:2::3f","rtt":6.423,"size":96,"ttl":59},{"from":"2600:3:2000:2::3f","rtt":6.429,"size":96,"ttl":59}]},{"hop":7,"result":[{"from":"2600:3:2000:2::3e","rtt":66.648,"size":96,"ttl":58},{"from":"2600:3:2000:2::3e","rtt":66.489,"size":96,"ttl":58},{"from":"2600:3:2000:2::3e","rtt":66.62,"size":96,"ttl":58}]},{"hop":8,"result":[{"from":"2600:0:2:1239:144:232:14:219","rtt":72.048,"size":96,"ttl":57},{"from":"2600:0:2:1239:144:232:14:219","rtt":69.151,"size":96,"ttl":57},{"from":"2600:0:2:1239:144:232:14:219","rtt":69.42,"size":96,"ttl":57}]},{"hop":9,"result":[{"from":"2001:2000:3080:de2::1","rtt":67.181,"size":96,"ttl":59},{"from":"2001:2000:3080:de2::1","rtt":67.667,"size":96,"ttl":59},{"from":"2001:2000:3080:de2::1","rtt":67.436,"size":96,"ttl":59}]},{"hop":10,"result":[{"from":"2001:2000:3019:71::1","icmpext":{"obj":[{"class":1,"mpls":[{"exp":1,"label":312532,"s":0,"ttl":1},{"exp":1,"label":2,"s":1,"ttl":1}],"type":1}],"rfc4884":0,"version":2},"rtt":180.962,"size":144,"ttl":53},{"from":"2001:2000:3019:71::1","icmpext":{"obj":[{"class":1,"mpls":[{"exp":1,"label":312532,"s":0,"ttl":1},{"exp":1,"label":2,"s":1,"ttl":1}],"type":1}],"rfc4884":0,"version":2},"rtt":181.067,"size":144,"ttl":53},{"from":"2001:2000:3019:71::1","icmpext":{"obj":[{"class":1,"mpls":[{"exp":1,"label":312532,"s":0,"ttl":1},{"exp":1,"label":2,"s":1,"ttl":1}],"type":1}],"rfc4884":0,"version":2},"rtt":181.549,"size":144,"ttl":53}]},{"hop":11,"result":[{"from":"2001:2000:3019:79::1","icmpext":{"obj":[{"class":1,"mpls":[{"exp":1,"label":299898,"s":0,"ttl":1},{"exp":1,"label":2,"s":1,"ttl":2}],"type":1}],"rfc4884":0,"version":2},"ittl":2,"rtt":185.904,"size":144,"ttl":54},{"from":"2001:2000:3019:79::1","icmpext":{"obj":[{"class":1,"mpls":[{"exp":1,"label":299898,"s":0,"ttl":1},{"exp":1,"label":2,"s":1,"ttl":2}],"type":1}],"rfc4884":0,"version":2},"ittl":2,"rtt":186.469,"size":144,"ttl":54},{"from":"2001:2000:3019:79::1","icmpext":{"obj":[{"class":1,"mpls":[{"exp":1,"label":299898,"s":0,"ttl":1},{"exp":1,"label":2,"s":1,"ttl":2}],"type":1}],"rfc4884":0,"version":2},"ittl":2,"rtt":185.486,"size":144,"ttl":54}]},{"hop":12,"result":[{"from":"2001:2000:3018:77::1","rtt":179.256,"size":96,"ttl":56},{"from":"2001:2000:3018:77::1","rtt":179.153,"size":96,"ttl":56},{"from":"2001:2000:3018:77::1","rtt":179.458,"size":96,"ttl":56}]},{"hop":13,"result":[{"from":"2001:2000:3080:632::2","rtt":196.374,"size":96,"ttl":52},{"from":"2001:2000:3080:632::2","rtt":196.154,"size":96,"ttl":52},{"from":"2001:2000:3080:632::2","rtt":196.138,"size":96,"ttl":52}]},{"hop":14,"result":[{"from":"2620:109:c000:113::2","rtt":187.303,"size":96,"ttl":245},{"from":"2620:109:c000:113::2","rtt":187.086,"size":96,"ttl":245},{"from":"2620:109:c000:113::2","rtt":187.029,"size":96,"ttl":245}]},{"hop":15,"result":[{"from":"2620:109:c007:102::5be1:f881","rtt":180.904,"size":48,"ttl":49},{"from":"2620:109:c007:102::5be1:f881","rtt":181.127,"size":48,"ttl":49},{"from":"2620:109:c007:102::5be1:f881","rtt":180.941,"size":48,"ttl":49}]}],"size":48,"src_addr":"2801:1a0:5:70:a2f3:c1ff:fec4:3b52","stored_timestamp":1512431530,"timestamp":1512431499,"type":"traceroute"}]