[{"af":6,"dst_addr":"2a03:2880:f206:c4:face:b00c:0:43fe","dst_name":"2a03:2880:f206:c4:face:b00c:0:43fe","endtime":1512431496,"from":"2801:1a0:5:70:a2f3:c1ff:fec4:3b52","fw":4780,"group_id":10409834,"lts":10,"msm_id":10409834,"msm_name":"Traceroute","paris_id":1,"prb_id":12833,"proto":"ICMP","result":[{"hop":1,"result":[{"from":"2801:1a0:5:70::1","rtt":8.026,"size":96,"ttl":64},{"from":"2801:1a0:5:70::1","rtt":1.784,"size":96,"ttl":64},{"from":"2801:1a0:5:70::1","rtt":2.07,"size":96,"ttl":64}]},{"hop":2,"result":[{"from":"2801:1a0:0:3::1","rtt":0.516,"size":96,"ttl":63},{"from":"2801:1a0:0:3::1","rtt":0.406,"size":96,"ttl":63},{"from":"2801:1a0:0:3::1","rtt":0.424,"size":96,"ttl":63}]},{"hop":3,"result":[{"from":"2801:1a0:0:4::2","rtt":0.641,"size":96,"ttl":62},{"from":"2801:1a0:0:4::2","rtt":0.677,"size":96,"ttl":62},{"from":"2801:1a0:0:4::2","rtt":0.673,"size":96,"ttl":62}]},{"hop":4,"result":[{"from":"2800:490:4000::1","rtt":0.894,"size":96,"ttl":61},{"from":"2800:490:4000::1","rtt":1.089,"size":96,"ttl":61},{"from":"2800:490:4000::1","rtt":1.106,"size":96,"ttl":61}]},{"hop":5,"result":[{"from":"2800:310:400::15","rtt":2.882,"size":96,"ttl":60},{"from":"2800:310:400::15","rtt":2.911,"size":96,"ttl":60},{"from":"2800:310:400::15","rtt":2.669,"size":96,"ttl":60}]},{"hop":6,"result":[{"from":"2600:3:2000:2::3f","rtt":6.423,"size":96,"ttl":59},{"from":"2600:3:2000:2::3f","rtt":6.451,"size":96,"ttl":59},{"from":"2600:3:2000:2::3f","rtt":6.681,"size":96,"ttl":59}]},{"hop":7,"result":[{"from":"2600:3:2000:2::3e","rtt":67.183,"size":96,"ttl":58},{"from":"2600:3:2000:2::3e","rtt":66.859,"size":96,"ttl":58},{"from":"2600:3:2000:2::3e","rtt":66.664,"size":96,"ttl":58}]},{"hop":8,"result":[{"from":"2600:0:2:1239:144:232:14:217","rtt":74.262,"size":96,"ttl":57},{"from":"2600:0:2:1239:144:232:14:217","rtt":69.197,"size":96,"ttl":57},{"from":"2600:0:2:1239:144:232:14:217","rtt":69.702,"size":96,"ttl":57}]},{"hop":9,"result":[{"from":"2001:418:0:4000::131","rtt":62.82,"size":96,"ttl":56},{"from":"2001:418:0:4000::131","rtt":63.933,"size":96,"ttl":56},{"from":"2001:418:0:4000::131","rtt":62.924,"size":96,"ttl":56}]},{"hop":10,"result":[{"from":"2001:418:0:2000::89","rtt":73.064,"size":96,"ttl":57},{"from":"2001:418:0:2000::89","rtt":73.264,"size":96,"ttl":57},{"from":"2001:418:0:2000::89","rtt":72.783,"size":96,"ttl":57}]},{"hop":11,"result":[{"from":"2001:418:0:2000::269","rtt":72.612,"size":96,"ttl":57},{"from":"2001:418:0:2000::269","rtt":72.696,"size":96,"ttl":57},{"from":"2001:418:0:2000::269","rtt":72.756,"size":96,"ttl":57}]},{"hop":12,"result":[{"from":"2001:418:0:2000::f1","rtt":95.138,"size":96,"ttl":55},{"from":"2001:418:0:2000::f1","rtt":94.89,"size":96,"ttl":55},{"from":"2001:418:0:2000::f1","rtt":95.165,"size":96,"ttl":55}]},{"hop":13,"result":[{"from":"2001:418:0:6000::10e","rtt":173.028,"size":96,"ttl":55},{"from":"2001:418:0:6000::10e","rtt":176.494,"size":96,"ttl":55},{"from":"2001:418:0:6000::10e","rtt":173.094,"size":96,"ttl":55}]},{"hop":14,"result":[{"from":"2001:728:0:5000::9da","rtt":164.076,"size":96,"ttl":55},{"from":"2001:728:0:5000::9da","rtt":163.939,"size":96,"ttl":55},{"from":"2001:728:0:5000::9da","rtt":163.815,"size":96,"ttl":55}]},{"hop":15,"result":[{"from":"2620:0:1cff:dead:beef::1a2c","rtt":163.869,"size":96,"ttl":54},{"from":"2620:0:1cff:dead:beef::1a2c","rtt":164.16,"size":96,"ttl":54},{"from":"2620:0:1cff:dead:beef::1a2c","rtt":164.069,"size":96,"ttl":54}]},{"hop":16,"result":[{"from":"2620:0:1cff:dead:beef::1af7","rtt":163.951,"size":96,"ttl":53},{"from":"2620:0:1cff:dead:beef::1af7","rtt":163.975,"size":96,"ttl":53},{"from":"2620:0:1cff:dead:beef::1af7","rtt":164.123,"size":96,"ttl":53}]},{"hop":17,"result":[{"from":"2a03:2880:f006:ffff::20b","rtt":164.673,"size":96,"ttl":52},{"from":"2a03:2880:f006:ffff::20b","rtt":164.2,"size":96,"ttl":52},{"from":"2a03:2880:f006:ffff::20b","rtt":164.159,"size":96,"ttl":52}]},{"hop":18,"result":[{"from":"2a03:2880:f206:c4:face:b00c:0:43fe","rtt":163.829,"size":48,"ttl":51},{"from":"2a03:2880:f206:c4:face:b00c:0:43fe","rtt":164.35,"size":48,"ttl":51},{"from":"2a03:2880:f206:c4:face:b00c:0:43fe","rtt":163.898,"size":48,"ttl":51}]}],"size":48,"src_addr":"2801:1a0:5:70:a2f3:c1ff:fec4:3b52","stored_timestamp":1512431530,"timestamp":1512431491,"type":"traceroute"}]