[{"af":6,"dst_addr":"2620:0:862:ed1a::1","dst_name":"2620:0:862:ed1a::1","endtime":1512431473,"from":"2c0f:feb0:a:1::2","fw":4780,"group_id":10409802,"lts":47,"msm_id":10409802,"msm_name":"Traceroute","paris_id":1,"prb_id":13734,"proto":"ICMP","result":[{"hop":1,"result":[{"from":"2c0f:feb0:a:1::ff7e","rtt":0.542,"size":96,"ttl":64},{"from":"2c0f:feb0:a:1::ff7e","rtt":0.568,"size":96,"ttl":64},{"from":"2c0f:feb0:a:1::ff7e","rtt":0.528,"size":96,"ttl":64}]},{"hop":2,"result":[{"x":"*"},{"x":"*"},{"from":"2c0f:feb0:a::1:2","rtt":1.797,"size":96,"ttl":63}]},{"hop":3,"result":[{"from":"2c0f:feb0:1:2::1c6","rtt":151.977,"size":96,"ttl":62},{"x":"*"},{"from":"2c0f:feb0:1:2::1c6","rtt":151.857,"size":96,"ttl":62}]},{"hop":4,"result":[{"from":"2c0f:feb0:1:2::49e","rtt":166.802,"size":96,"ttl":61},{"from":"2c0f:feb0:1:2::49e","rtt":166.732,"size":96,"ttl":61},{"from":"2c0f:feb0:1:2::49e","rtt":166.764,"size":96,"ttl":61}]},{"hop":5,"result":[{"from":"2c0f:feb0:1:2::10a","rtt":168.096,"size":96,"ttl":60},{"from":"2c0f:feb0:1:2::10a","rtt":168.105,"size":96,"ttl":60},{"from":"2c0f:feb0:1:2::10a","rtt":168.518,"size":96,"ttl":60}]},{"hop":6,"result":[{"from":"2001:7f8:1::a501:4907:1","rtt":168.635,"size":96,"ttl":59},{"from":"2001:7f8:1::a501:4907:1","rtt":168.62,"size":96,"ttl":59},{"from":"2001:7f8:1::a501:4907:1","rtt":168.724,"size":96,"ttl":59}]},{"hop":7,"result":[{"from":"2620:0:862:ed1a::1","rtt":168.56,"size":48,"ttl":58},{"from":"2620:0:862:ed1a::1","rtt":168.505,"size":48,"ttl":58},{"from":"2620:0:862:ed1a::1","rtt":168.642,"size":48,"ttl":58}]}],"size":48,"src_addr":"2c0f:feb0:a:1::2","stored_timestamp":1512431527,"timestamp":1512431459,"type":"traceroute"}]