[{"af":6,"dst_addr":"2a01:578:3::3648:2a44","dst_name":"2a01:578:3::3648:2a44","endtime":1512431182,"from":"2c0f:feb0:b:1::8","fw":4780,"group_id":10409543,"lts":23,"msm_id":10409543,"msm_name":"Traceroute","paris_id":1,"prb_id":25355,"proto":"ICMP","result":[{"hop":1,"result":[{"from":"2c0f:feb0:b:1::ff7e","rtt":1.074,"size":96,"ttl":64},{"from":"2c0f:feb0:b:1::ff7e","rtt":0.956,"size":96,"ttl":64},{"from":"2c0f:feb0:b:1::ff7e","rtt":1.231,"size":96,"ttl":64}]},{"hop":2,"result":[{"from":"2c0f:feb0:b::1:2","rtt":3.321,"size":96,"ttl":63},{"x":"*"},{"x":"*"}]},{"hop":3,"result":[{"x":"*"},{"from":"2c0f:feb0:1:2::15a","rtt":16.734,"size":96,"ttl":62},{"x":"*"}]},{"hop":4,"result":[{"x":"*"},{"x":"*"},{"from":"2c0f:feb0:1:2::4a2","rtt":156.29,"size":96,"ttl":61}]},{"hop":5,"result":[{"from":"2c0f:feb0:e::1:8","rtt":155.892,"size":96,"ttl":60},{"from":"2c0f:feb0:e::1:8","rtt":155.928,"size":96,"ttl":60},{"from":"2c0f:feb0:e::1:8","rtt":155.878,"size":96,"ttl":60}]},{"hop":6,"result":[{"from":"2001:7f8:4::407d:1","rtt":156.166,"size":96,"ttl":59},{"from":"2001:7f8:4::407d:1","rtt":156.116,"size":96,"ttl":59},{"from":"2001:7f8:4::407d:1","rtt":156.083,"size":96,"ttl":59}]},{"hop":7,"result":[{"x":"*"},{"x":"*"},{"x":"*"}]},{"hop":8,"result":[{"from":"2a01:578:0:12::1b","icmpext":{"obj":[{"class":1,"mpls":[{"exp":0,"label":316384,"s":0,"ttl":1},{"exp":0,"label":2,"s":1,"ttl":2}],"type":1}],"rfc4884":0,"version":2},"ittl":2,"rtt":167.86,"size":144,"ttl":42},{"from":"2a01:578:0:12::1b","icmpext":{"obj":[{"class":1,"mpls":[{"exp":0,"label":316384,"s":0,"ttl":1},{"exp":0,"label":2,"s":1,"ttl":2}],"type":1}],"rfc4884":0,"version":2},"ittl":2,"rtt":167.845,"size":144,"ttl":42},{"from":"2a01:578:0:12::1b","icmpext":{"obj":[{"class":1,"mpls":[{"exp":0,"label":316384,"s":0,"ttl":1},{"exp":0,"label":2,"s":1,"ttl":2}],"type":1}],"rfc4884":0,"version":2},"ittl":2,"rtt":167.464,"size":144,"ttl":42}]},{"hop":9,"result":[{"x":"*"},{"x":"*"},{"x":"*"}]},{"hop":10,"result":[{"x":"*"},{"x":"*"},{"x":"*"}]},{"hop":11,"result":[{"from":"2a01:578::1d","icmpext":{"obj":[{"class":1,"mpls":[{"exp":0,"label":377504,"s":0,"ttl":1},{"exp":0,"label":2,"s":1,"ttl":5}],"type":1}],"rfc4884":0,"version":2},"ittl":5,"rtt":167.656,"size":144,"ttl":47},{"from":"2a01:578::1d","icmpext":{"obj":[{"class":1,"mpls":[{"exp":0,"label":377504,"s":0,"ttl":1},{"exp":0,"label":2,"s":1,"ttl":5}],"type":1}],"rfc4884":0,"version":2},"ittl":5,"rtt":167.925,"size":144,"ttl":47},{"from":"2a01:578::1d","icmpext":{"obj":[{"class":1,"mpls":[{"exp":0,"label":377504,"s":0,"ttl":1},{"exp":0,"label":2,"s":1,"ttl":5}],"type":1}],"rfc4884":0,"version":2},"ittl":5,"rtt":167.818,"size":144,"ttl":47}]},{"hop":12,"result":[{"x":"*"},{"x":"*"},{"x":"*"}]},{"hop":13,"result":[{"from":"2a01:578::1a","icmpext":{"obj":[{"class":1,"mpls":[{"exp":0,"label":652460,"s":0,"ttl":1},{"exp":0,"label":2,"s":1,"ttl":7}],"type":1}],"rfc4884":0,"version":2},"ittl":7,"rtt":166.021,"size":144,"ttl":49},{"from":"2a01:578::1a","icmpext":{"obj":[{"class":1,"mpls":[{"exp":0,"label":652460,"s":0,"ttl":1},{"exp":0,"label":2,"s":1,"ttl":7}],"type":1}],"rfc4884":0,"version":2},"ittl":7,"rtt":167.461,"size":144,"ttl":47},{"from":"2a01:578::1a","icmpext":{"obj":[{"class":1,"mpls":[{"exp":0,"label":652460,"s":0,"ttl":1},{"exp":0,"label":2,"s":1,"ttl":7}],"type":1}],"rfc4884":0,"version":2},"ittl":7,"rtt":166.782,"size":144,"ttl":49}]},{"hop":14,"result":[{"x":"*"},{"x":"*"},{"x":"*"}]},{"hop":15,"result":[{"from":"2a01:578:0:10::5","rtt":165.77,"size":96,"ttl":50},{"from":"2a01:578:0:10::5","rtt":165.763,"size":96,"ttl":50},{"from":"2a01:578:0:10::5","rtt":165.777,"size":96,"ttl":50}]},{"hop":16,"result":[{"x":"*"},{"x":"*"},{"x":"*"}]},{"hop":17,"result":[{"x":"*"},{"x":"*"},{"x":"*"}]},{"hop":18,"result":[{"x":"*"},{"x":"*"},{"x":"*"}]},{"hop":19,"result":[{"x":"*"},{"x":"*"},{"x":"*"}]},{"hop":20,"result":[{"x":"*"},{"x":"*"},{"x":"*"}]},{"hop":255,"result":[{"from":"2a01:578:3::3648:2a44","rtt":166.097,"size":48,"ttl":44},{"from":"2a01:578:3::3648:2a44","rtt":165.967,"size":48,"ttl":44},{"from":"2a01:578:3::3648:2a44","rtt":165.973,"size":48,"ttl":44}]}],"size":48,"src_addr":"2c0f:feb0:b:1::8","stored_timestamp":1512431203,"timestamp":1512431034,"type":"traceroute"}]