[{"af":6,"dst_addr":"2a03:2880:f106:83:face:b00c:0:25de","dst_name":"2a03:2880:f106:83:face:b00c:0:25de","endtime":1512431443,"from":"2a03:1c00:0:2::2","fw":4780,"group_id":10409773,"lts":34,"msm_id":10409773,"msm_name":"Traceroute","paris_id":1,"prb_id":13964,"proto":"ICMP","result":[{"hop":1,"result":[{"from":"2a03:1c00:0:2::1","rtt":8.184,"size":96,"ttl":64},{"from":"2a03:1c00:0:2::1","rtt":0.72,"size":96,"ttl":64},{"from":"2a03:1c00:0:2::1","rtt":0.828,"size":96,"ttl":64}]},{"hop":2,"result":[{"x":"*"},{"from":"2a03:1c00:0:1::226","rtt":0.689,"size":96,"ttl":63},{"from":"2a03:1c00:0:1::226","rtt":0.91,"size":96,"ttl":63}]},{"hop":3,"result":[{"from":"2a02:2578:2000:2::2","rtt":90.332,"size":96,"ttl":56},{"from":"2a02:2578:2000:2::2","rtt":90.357,"size":96,"ttl":56},{"from":"2a02:2578:2000:2::2","rtt":90.397,"size":96,"ttl":56}]},{"hop":4,"result":[{"from":"2a02:2578:0:2::1","rtt":88.913,"size":96,"ttl":58},{"from":"2a02:2578:0:2::1","rtt":88.782,"size":96,"ttl":58},{"from":"2a02:2578:0:2::1","rtt":88.656,"size":96,"ttl":58}]},{"hop":5,"result":[{"from":"2001:16a0:1:2020::1","rtt":89.218,"size":96,"ttl":59},{"from":"2001:16a0:1:2020::1","rtt":89.178,"size":96,"ttl":59},{"from":"2001:16a0:1:2020::1","rtt":89.206,"size":96,"ttl":59}]},{"hop":6,"result":[{"from":"2001:16a0:1:0:84:235:121:2","rtt":180.428,"size":96,"ttl":59},{"from":"2001:16a0:1:0:84:235:121:2","rtt":180.391,"size":96,"ttl":59},{"from":"2001:16a0:1:0:84:235:121:2","rtt":180.435,"size":96,"ttl":59}]},{"hop":7,"result":[{"from":"2001:7f8:1::a503:2934:1","rtt":92.186,"size":96,"ttl":59},{"from":"2001:7f8:1::a503:2934:1","rtt":92.322,"size":96,"ttl":59},{"from":"2001:7f8:1::a503:2934:1","rtt":92.202,"size":96,"ttl":59}]},{"hop":8,"result":[{"from":"2620:0:1cff:dead:beef::1a34","rtt":92.064,"size":96,"ttl":58},{"from":"2620:0:1cff:dead:beef::1a34","rtt":92.032,"size":96,"ttl":58},{"from":"2620:0:1cff:dead:beef::1a34","rtt":92.064,"size":96,"ttl":58}]},{"hop":9,"result":[{"from":"2620:0:1cff:dead:beef::1af9","rtt":92.764,"size":96,"ttl":57},{"from":"2620:0:1cff:dead:beef::1af9","rtt":92.616,"size":96,"ttl":57},{"from":"2620:0:1cff:dead:beef::1af9","rtt":93.514,"size":96,"ttl":57}]},{"hop":10,"result":[{"from":"2a03:2880:f006:ffff::235","rtt":92.42,"size":96,"ttl":56},{"from":"2a03:2880:f006:ffff::235","rtt":92.378,"size":96,"ttl":56},{"from":"2a03:2880:f006:ffff::235","rtt":92.371,"size":96,"ttl":56}]},{"hop":11,"result":[{"from":"2a03:2880:f106:83:face:b00c:0:25de","rtt":92.455,"size":48,"ttl":55},{"from":"2a03:2880:f106:83:face:b00c:0:25de","rtt":92.295,"size":48,"ttl":55},{"from":"2a03:2880:f106:83:face:b00c:0:25de","rtt":92.24,"size":48,"ttl":55}]}],"size":48,"src_addr":"2a03:1c00:0:2::2","stored_timestamp":1512431499,"timestamp":1512431436,"type":"traceroute"}]