[{"af":6,"dst_addr":"2a00:1288:110:2::3007","dst_name":"2a00:1288:110:2::3007","endtime":1512431420,"from":"2001:7f0:1:3237::2","fw":4780,"group_id":10409754,"lts":57,"msm_id":10409754,"msm_name":"Traceroute","paris_id":1,"prb_id":15724,"proto":"ICMP","result":[{"hop":1,"result":[{"from":"2001:7f0:1:3237::1","rtt":0.744,"size":96,"ttl":64},{"from":"2001:7f0:1:3237::1","rtt":0.458,"size":96,"ttl":64},{"from":"2001:7f0:1:3237::1","rtt":0.541,"size":96,"ttl":64}]},{"hop":2,"result":[{"from":"2001:7f0:0:2e::1","rtt":10.371,"size":96,"ttl":63},{"from":"2001:7f0:0:2e::1","rtt":10.318,"size":96,"ttl":63},{"from":"2001:7f0:0:2e::1","rtt":10.326,"size":96,"ttl":63}]},{"hop":3,"result":[{"from":"2001:7f8:4::2846:1","rtt":10.718,"size":96,"ttl":62},{"from":"2001:7f8:4::2846:1","rtt":11.754,"size":96,"ttl":62},{"from":"2001:7f8:4::2846:1","rtt":10.702,"size":96,"ttl":62}]},{"hop":4,"result":[{"from":"2a00:1288:f022:20a::1","rtt":11.155,"size":96,"ttl":63},{"from":"2a00:1288:f022:20a::1","rtt":10.154,"size":96,"ttl":63},{"from":"2a00:1288:f022:20a::1","rtt":10.136,"size":96,"ttl":63}]},{"hop":5,"result":[{"from":"2a00:1288:f020:208::1","rtt":13.694,"size":96,"ttl":62},{"from":"2a00:1288:f020:208::1","rtt":13.113,"size":96,"ttl":62},{"from":"2a00:1288:f020:208::1","rtt":10.197,"size":96,"ttl":62}]},{"hop":6,"result":[{"from":"2a00:1288:110:fc00::1","rtt":11.006,"size":96,"ttl":252},{"from":"2a00:1288:110:fc00::1","rtt":10.926,"size":96,"ttl":252},{"from":"2a00:1288:110:fc00::1","rtt":11.509,"size":96,"ttl":252}]},{"hop":7,"result":[{"from":"2a00:1288:110:2::3007","rtt":10.137,"size":48,"ttl":60},{"from":"2a00:1288:110:2::3007","rtt":10.133,"size":48,"ttl":60},{"from":"2a00:1288:110:2::3007","rtt":10.114,"size":48,"ttl":60}]}],"size":48,"src_addr":"2001:7f0:1:3237::2","stored_timestamp":1512431444,"timestamp":1512431419,"type":"traceroute"}]