[{"af":6,"dst_addr":"2a00:1288:110:2::3007","dst_name":"2a00:1288:110:2::3007","endtime":1512431483,"from":"2801:1a0:5:70:a2f3:c1ff:fec4:3b52","fw":4780,"group_id":10409827,"lts":59,"msm_id":10409827,"msm_name":"Traceroute","paris_id":1,"prb_id":12833,"proto":"ICMP","result":[{"hop":1,"result":[{"from":"2801:1a0:5:70::1","rtt":43.791,"size":96,"ttl":64},{"from":"2801:1a0:5:70::1","rtt":1.147,"size":96,"ttl":64},{"from":"2801:1a0:5:70::1","rtt":1.181,"size":96,"ttl":64}]},{"hop":2,"result":[{"from":"2801:1a0:0:3::1","rtt":0.399,"size":96,"ttl":63},{"from":"2801:1a0:0:3::1","rtt":0.498,"size":96,"ttl":63},{"from":"2801:1a0:0:3::1","rtt":0.495,"size":96,"ttl":63}]},{"hop":3,"result":[{"from":"2801:1a0:0:4::2","rtt":0.981,"size":96,"ttl":62},{"from":"2801:1a0:0:4::2","rtt":0.615,"size":96,"ttl":62},{"from":"2801:1a0:0:4::2","rtt":0.765,"size":96,"ttl":62}]},{"hop":4,"result":[{"from":"2800:490:4000::1","rtt":0.968,"size":96,"ttl":61},{"from":"2800:490:4000::1","rtt":1.026,"size":96,"ttl":61},{"from":"2800:490:4000::1","rtt":1.266,"size":96,"ttl":61}]},{"hop":5,"result":[{"from":"2800:310:400::15","rtt":2.954,"size":96,"ttl":60},{"from":"2800:310:400::15","rtt":2.985,"size":96,"ttl":60},{"from":"2800:310:400::15","rtt":2.713,"size":96,"ttl":60}]},{"hop":6,"result":[{"from":"2600:3:2000:2::3f","rtt":6.393,"size":96,"ttl":59},{"from":"2600:3:2000:2::3f","rtt":6.512,"size":96,"ttl":59},{"from":"2600:3:2000:2::3f","rtt":6.35,"size":96,"ttl":59}]},{"hop":7,"result":[{"from":"2600:3:2000:2::3e","rtt":66.605,"size":96,"ttl":58},{"from":"2600:3:2000:2::3e","rtt":66.434,"size":96,"ttl":58},{"from":"2600:3:2000:2::3e","rtt":66.595,"size":96,"ttl":58}]},{"hop":8,"result":[{"from":"2600:0:2:1239:144:232:14:219","rtt":71.464,"size":96,"ttl":57},{"from":"2600:0:2:1239:144:232:14:219","rtt":69.401,"size":96,"ttl":57},{"from":"2600:0:2:1239:144:232:14:219","rtt":69.35,"size":96,"ttl":57}]},{"hop":9,"result":[{"from":"2600:0:2:1239:144:232:1:163","rtt":76.278,"size":96,"ttl":56},{"from":"2600:0:2:1239:144:232:1:163","rtt":77.213,"size":96,"ttl":56},{"from":"2600:0:2:1239:144:232:1:163","rtt":77.085,"size":96,"ttl":56}]},{"hop":10,"result":[{"from":"2600:0:2:1239:144:232:17:44","rtt":80.225,"size":96,"ttl":56},{"from":"2600:0:2:1239:144:232:17:44","rtt":85.198,"size":96,"ttl":56},{"from":"2600:0:2:1239:144:232:17:44","rtt":85.601,"size":96,"ttl":56}]},{"hop":11,"result":[{"from":"2600:0:2:1239:144:232:7:190","rtt":91.949,"size":96,"ttl":55},{"from":"2600:0:2:1239:144:232:7:190","rtt":93.251,"size":96,"ttl":55},{"from":"2600:0:2:1239:144:232:7:190","rtt":93.015,"size":96,"ttl":55}]},{"hop":12,"result":[{"from":"2600:0:2:1239:144:232:15:174","rtt":95.219,"size":96,"ttl":54},{"from":"2600:0:2:1239:144:232:15:174","rtt":93.089,"size":96,"ttl":54},{"from":"2600:0:2:1239:144:232:15:174","rtt":92.617,"size":96,"ttl":54}]},{"hop":13,"result":[{"from":"2001:504:0:2:0:1:310:1","rtt":88.111,"size":96,"ttl":56},{"from":"2001:504:0:2:0:1:310:1","rtt":87.761,"size":96,"ttl":56},{"from":"2001:504:0:2:0:1:310:1","rtt":87.866,"size":96,"ttl":56}]},{"hop":14,"result":[{"from":"2001:4998:f003:13::1","rtt":92.923,"size":96,"ttl":55},{"from":"2001:4998:f003:13::1","rtt":92.843,"size":96,"ttl":55},{"from":"2001:4998:f003:13::1","rtt":93.24,"size":96,"ttl":55}]},{"hop":15,"result":[{"from":"2001:4998:f00b:2::1","rtt":163.187,"size":96,"ttl":56},{"from":"2001:4998:f00b:2::1","rtt":163.202,"size":96,"ttl":56},{"from":"2001:4998:f00b:2::1","rtt":163.169,"size":96,"ttl":56}]},{"hop":16,"result":[{"from":"2a00:1288:f022:20a::1","rtt":189.372,"size":96,"ttl":55},{"from":"2a00:1288:f022:20a::1","rtt":189.479,"size":96,"ttl":55},{"from":"2a00:1288:f022:20a::1","rtt":189.937,"size":96,"ttl":55}]},{"hop":17,"result":[{"from":"2a00:1288:f020:208::1","rtt":186.292,"size":96,"ttl":54},{"from":"2a00:1288:f020:208::1","rtt":186.622,"size":96,"ttl":54},{"from":"2a00:1288:f020:208::1","rtt":189.876,"size":96,"ttl":54}]},{"hop":18,"result":[{"from":"2a00:1288:110:fe4e::1","rtt":200.103,"size":96,"ttl":244},{"from":"2a00:1288:110:fe4e::1","rtt":199.8,"size":96,"ttl":244},{"from":"2a00:1288:110:fe4e::1","rtt":199.863,"size":96,"ttl":244}]},{"hop":19,"result":[{"from":"2a00:1288:110:2::3007","rtt":188.887,"size":48,"ttl":52},{"from":"2a00:1288:110:2::3007","rtt":189.255,"size":48,"ttl":52},{"from":"2a00:1288:110:2::3007","rtt":188.963,"size":48,"ttl":52}]}],"size":48,"src_addr":"2801:1a0:5:70:a2f3:c1ff:fec4:3b52","stored_timestamp":1512431528,"timestamp":1512431478,"type":"traceroute"}]