[{"af":6,"dst_addr":"2620:0:862:ed1a::1","dst_name":"2620:0:862:ed1a::1","endtime":1512431145,"from":"2c0f:f0b8:1200:0:d66e:eff:fe23:58ca","fw":4780,"group_id":10409671,"lts":117,"msm_id":10409671,"msm_name":"Traceroute","paris_id":1,"prb_id":33144,"proto":"ICMP","result":[{"hop":1,"result":[{"from":"2c0f:f0b8:1200::1","rtt":5.289,"size":96,"ttl":255},{"from":"2c0f:f0b8:1200::1","rtt":0.898,"size":96,"ttl":255},{"from":"2c0f:f0b8:1200::1","rtt":0.837,"size":96,"ttl":255}]},{"hop":2,"result":[{"from":"2c0f:f0b8:1600:0:822a:a8ff:fe4d:ac6b","rtt":0.932,"size":96,"ttl":63},{"from":"2c0f:f0b8:1600:0:822a:a8ff:fe4d:ac6b","rtt":0.868,"size":96,"ttl":63},{"from":"2c0f:f0b8:1600:0:822a:a8ff:fe4d:ac6b","rtt":0.923,"size":96,"ttl":63}]},{"hop":3,"result":[{"from":"2c0f:f0b8:0:107::1","rtt":1.293,"size":96,"ttl":62},{"from":"2c0f:f0b8:0:107::1","rtt":1.161,"size":96,"ttl":62},{"from":"2c0f:f0b8:0:107::1","rtt":1.152,"size":96,"ttl":62}]},{"hop":4,"result":[{"from":"2c0f:f0b8:0:101::","rtt":1.504,"size":96,"ttl":61},{"from":"2c0f:f0b8:0:101::","rtt":1.129,"size":96,"ttl":61},{"from":"2c0f:f0b8:0:101::","rtt":1.225,"size":96,"ttl":61}]},{"hop":5,"result":[{"from":"2c0f:f0b8:0:100::4","rtt":1.306,"size":96,"ttl":60},{"from":"2c0f:f0b8:0:100::4","rtt":1.089,"size":96,"ttl":60},{"from":"2c0f:f0b8:0:100::4","rtt":1.099,"size":96,"ttl":60}]},{"hop":6,"result":[{"from":"2a01:410:1:5010::8","rtt":46.526,"size":96,"ttl":59},{"from":"2a01:410:1:5010::8","rtt":2.277,"size":96,"ttl":59},{"from":"2a01:410:1:5010::8","rtt":5.274,"size":96,"ttl":59}]},{"hop":7,"result":[{"from":"2a01:410:1:1::12b","rtt":96.096,"size":96,"ttl":58},{"from":"2a01:410:1:1::12b","rtt":5.225,"size":96,"ttl":58},{"from":"2a01:410:1:1::12b","rtt":2.373,"size":96,"ttl":58}]},{"hop":8,"result":[{"from":"2a01:410:1:1::ba","rtt":6.205,"size":96,"ttl":57},{"from":"2a01:410:1:1::ba","rtt":6.318,"size":96,"ttl":57},{"from":"2a01:410:1:1::ba","rtt":6.161,"size":96,"ttl":57}]},{"hop":9,"result":[{"from":"2a01:410:1:1::b2","rtt":17.417,"size":96,"ttl":56},{"from":"2a01:410:1:1::b2","rtt":17.384,"size":96,"ttl":56},{"from":"2a01:410:1:1::b2","rtt":17.594,"size":96,"ttl":56}]},{"hop":10,"result":[{"from":"2a01:410:0:2::102","ittl":0,"rtt":179.936,"size":96,"ttl":54},{"from":"2a01:410:0:2::102","ittl":0,"rtt":179.942,"size":96,"ttl":54},{"from":"2a01:410:0:2::102","ittl":0,"rtt":179.897,"size":96,"ttl":54}]},{"hop":11,"result":[{"x":"*"},{"from":"2a01:410:1:9000::21","rtt":179.837,"size":96,"ttl":53},{"x":"*"}]},{"hop":12,"result":[{"from":"2001:7f8:1::a501:4907:1","rtt":186.508,"size":96,"ttl":52},{"from":"2001:7f8:1::a501:4907:1","rtt":186.112,"size":96,"ttl":52},{"from":"2001:7f8:1::a501:4907:1","rtt":186.104,"size":96,"ttl":52}]},{"hop":13,"result":[{"from":"2620:0:862:ed1a::1","rtt":185.288,"size":48,"ttl":51},{"from":"2620:0:862:ed1a::1","rtt":184.772,"size":48,"ttl":51},{"from":"2620:0:862:ed1a::1","rtt":184.648,"size":48,"ttl":51}]}],"size":48,"src_addr":"2c0f:f0b8:1200:0:d66e:eff:fe23:58ca","stored_timestamp":1512431202,"timestamp":1512431135,"type":"traceroute"}]