[{"af":6,"dst_addr":"2620:0:862:ed1a::1","dst_name":"2620:0:862:ed1a::1","endtime":1512431419,"from":"2001:7f0:1:3237::2","fw":4780,"group_id":10409752,"lts":56,"msm_id":10409752,"msm_name":"Traceroute","paris_id":1,"prb_id":15724,"proto":"ICMP","result":[{"hop":1,"result":[{"from":"2001:7f0:1:3237::1","rtt":0.695,"size":96,"ttl":64},{"from":"2001:7f0:1:3237::1","rtt":0.605,"size":96,"ttl":64},{"from":"2001:7f0:1:3237::1","rtt":0.637,"size":96,"ttl":64}]},{"hop":2,"result":[{"from":"2001:7f0:0:1::2","rtt":0.8,"size":96,"ttl":63},{"from":"2001:7f0:0:1::2","rtt":0.816,"size":96,"ttl":63},{"from":"2001:7f0:0:1::2","rtt":0.798,"size":96,"ttl":63}]},{"hop":3,"result":[{"from":"2001:7f0:0:1::12","rtt":14.459,"size":96,"ttl":62},{"from":"2001:7f0:0:1::12","rtt":14.457,"size":96,"ttl":62},{"from":"2001:7f0:0:1::12","rtt":14.423,"size":96,"ttl":62}]},{"hop":4,"result":[{"from":"2001:7f8:1::a501:4907:1","rtt":14.946,"size":96,"ttl":61},{"from":"2001:7f8:1::a501:4907:1","rtt":14.993,"size":96,"ttl":61},{"from":"2001:7f8:1::a501:4907:1","rtt":14.934,"size":96,"ttl":61}]},{"hop":5,"result":[{"from":"2620:0:862:ed1a::1","rtt":15.017,"size":48,"ttl":60},{"from":"2620:0:862:ed1a::1","rtt":14.86,"size":48,"ttl":60},{"from":"2620:0:862:ed1a::1","rtt":14.825,"size":48,"ttl":60}]}],"size":48,"src_addr":"2001:7f0:1:3237::2","stored_timestamp":1512431444,"timestamp":1512431418,"type":"traceroute"}]