[{"af":6,"dst_addr":"2a02:26f0:7b:48a::102d","dst_name":"2a02:26f0:7b:48a::102d","endtime":1512431198,"from":"2800:6f0:0:2:d66e:eff:fe23:2b04","fw":4780,"group_id":10409708,"lts":75,"msm_id":10409708,"msm_name":"Traceroute","paris_id":1,"prb_id":33493,"proto":"ICMP","result":[{"hop":1,"result":[{"from":"2800:6f0:0:2::1997","rtt":1.545,"size":96,"ttl":64},{"from":"2800:6f0:0:2::1997","rtt":0.72,"size":96,"ttl":64},{"from":"2800:6f0:0:2::1997","rtt":0.742,"size":96,"ttl":64}]},{"hop":2,"result":[{"from":"2800:6f0::1993","rtt":0.839,"size":96,"ttl":63},{"from":"2800:6f0::1993","rtt":0.754,"size":96,"ttl":63},{"from":"2800:6f0::1993","rtt":3.954,"size":96,"ttl":63}]},{"hop":3,"result":[{"from":"2001:450:2002:2b9::1","rtt":0.516,"size":96,"ttl":62},{"from":"2001:450:2002:2b9::1","rtt":0.46,"size":96,"ttl":62},{"from":"2001:450:2002:2b9::1","rtt":0.427,"size":96,"ttl":62}]},{"hop":4,"result":[{"from":"2001:450:2001:1000:0:67:1716:8158","rtt":126.228,"size":96,"ttl":61},{"from":"2001:450:2001:1000:0:67:1716:8158","rtt":126.273,"size":96,"ttl":61},{"from":"2001:450:2001:1000:0:67:1716:8158","rtt":126.252,"size":96,"ttl":61}]},{"hop":5,"result":[{"x":"*"},{"x":"*"},{"x":"*"}]},{"hop":6,"result":[{"from":"2001:1900::3:1a0","rtt":126.686,"size":96,"ttl":59},{"from":"2001:1900::3:1a0","rtt":126.684,"size":96,"ttl":59},{"from":"2001:1900::3:1a0","rtt":126.651,"size":96,"ttl":59}]},{"hop":7,"result":[{"from":"2001:1900:4:3::432","rtt":197.762,"size":96,"ttl":52},{"from":"2001:1900:4:3::432","rtt":194.76,"size":96,"ttl":52},{"from":"2001:1900:4:3::432","rtt":185.149,"size":96,"ttl":52}]},{"hop":8,"result":[{"from":"2001:668:0:2:ffff:0:5995:8c89","rtt":189.651,"size":96,"ttl":53},{"from":"2001:668:0:2:ffff:0:5995:8c89","rtt":189.624,"size":96,"ttl":53},{"from":"2001:668:0:2:ffff:0:5995:8c89","rtt":189.965,"size":96,"ttl":53}]},{"hop":9,"result":[{"from":"2001:668:0:3:ffff:0:adcd:3b2a","rtt":191.026,"size":96,"ttl":53},{"from":"2001:668:0:3:ffff:0:adcd:3b2a","rtt":190.965,"size":96,"ttl":53},{"from":"2001:668:0:3:ffff:0:adcd:3b2a","rtt":190.946,"size":96,"ttl":53}]},{"hop":10,"result":[{"x":"*"},{"x":"*"},{"x":"*"}]},{"hop":11,"result":[{"from":"2a02:d28:5580:e:1000::b19","rtt":273.002,"size":96,"ttl":52},{"from":"2a02:d28:5580:e:1000::b19","rtt":272.881,"size":96,"ttl":52},{"from":"2a02:d28:5580:e:1000::b19","rtt":273.027,"size":96,"ttl":52}]},{"hop":12,"result":[{"from":"2a02:26f0:7b:48a::102d","rtt":266.275,"size":48,"ttl":51},{"from":"2a02:26f0:7b:48a::102d","rtt":266.653,"size":48,"ttl":51},{"from":"2a02:26f0:7b:48a::102d","rtt":266.813,"size":48,"ttl":51}]}],"size":48,"src_addr":"2800:6f0:0:2:d66e:eff:fe23:2b04","stored_timestamp":1512431230,"timestamp":1512431170,"type":"traceroute"}]