[{"af":6,"dst_addr":"2a02:26f0:7b:48a::102d","dst_name":"2a02:26f0:7b:48a::102d","endtime":1512431455,"from":"2a01:e34:ee8c:180:6666:b3ff:fed1:2ad8","fw":4780,"group_id":10409739,"lts":24,"msm_id":10409739,"msm_name":"Traceroute","paris_id":1,"prb_id":16703,"proto":"ICMP","result":[{"hop":1,"result":[{"from":"2a01:e34:ee8c:180::1","rtt":3.298,"size":96,"ttl":64},{"from":"2a01:e34:ee8c:180::1","rtt":0.865,"size":96,"ttl":64},{"from":"2a01:e34:ee8c:180::1","rtt":0.723,"size":96,"ttl":64}]},{"hop":2,"result":[{"x":"*"},{"x":"*"},{"x":"*"}]},{"hop":3,"result":[{"x":"*"},{"x":"*"},{"from":"2a01:e00:18::32","rtt":27.853,"size":96,"ttl":62}]},{"hop":4,"result":[{"from":"2001:978:2:1b::49:1","rtt":28.223,"size":96,"ttl":60},{"x":"*"},{"from":"2001:978:2:1b::49:1","rtt":28.063,"size":96,"ttl":60}]},{"hop":5,"result":[{"x":"*"},{"x":"*"},{"from":"2001:550:0:1000::9a36:269d","rtt":28.95,"size":96,"ttl":60}]},{"hop":6,"result":[{"from":"2001:550:0:1000::8275:3352","rtt":28.464,"size":96,"ttl":60},{"from":"2001:550:0:1000::8275:3352","rtt":28.526,"size":96,"ttl":60},{"from":"2001:550:0:1000::8275:3352","rtt":28.561,"size":96,"ttl":60}]},{"hop":7,"result":[{"from":"2001:2000:3080:408::1","rtt":27.887,"size":96,"ttl":59},{"from":"2001:2000:3080:408::1","rtt":27.862,"size":96,"ttl":59},{"from":"2001:2000:3080:408::1","rtt":37.033,"size":96,"ttl":59}]},{"hop":8,"result":[{"from":"2001:2000:3019:c0::1","icmpext":{"obj":[{"class":1,"mpls":[{"exp":1,"label":300485,"s":0,"ttl":1},{"exp":1,"label":2,"s":1,"ttl":1}],"type":1}],"rfc4884":0,"version":2},"rtt":45.651,"size":144,"ttl":53},{"from":"2001:2000:3019:c0::1","icmpext":{"obj":[{"class":1,"mpls":[{"exp":1,"label":300485,"s":0,"ttl":1},{"exp":1,"label":2,"s":1,"ttl":1}],"type":1}],"rfc4884":0,"version":2},"rtt":44.567,"size":144,"ttl":53},{"from":"2001:2000:3019:c0::1","icmpext":{"obj":[{"class":1,"mpls":[{"exp":1,"label":300485,"s":0,"ttl":1},{"exp":1,"label":2,"s":1,"ttl":1}],"type":1}],"rfc4884":0,"version":2},"rtt":39.618,"size":144,"ttl":53}]},{"hop":9,"result":[{"from":"2001:2000:3019:66::1","icmpext":{"obj":[{"class":0,"type":0}],"rfc4884":1,"version":0},"ittl":2,"rtt":38.704,"size":144,"ttl":55},{"from":"2001:2000:3019:66::1","icmpext":{"obj":[{"class":0,"type":0}],"rfc4884":1,"version":0},"ittl":2,"rtt":38.804,"size":144,"ttl":55},{"from":"2001:2000:3019:66::1","icmpext":{"obj":[{"class":0,"type":0}],"rfc4884":1,"version":0},"ittl":2,"rtt":41.826,"size":144,"ttl":55}]},{"hop":10,"result":[{"from":"2001:2000:3018:d::1","rtt":38.762,"size":96,"ttl":56},{"from":"2001:2000:3018:d::1","rtt":39.725,"size":96,"ttl":56},{"from":"2001:2000:3018:d::1","rtt":38.69,"size":96,"ttl":56}]},{"hop":11,"result":[{"from":"2001:2000:3080:71c::2","rtt":49.212,"size":96,"ttl":58},{"from":"2001:2000:3080:71c::2","rtt":48.165,"size":96,"ttl":58},{"from":"2001:2000:3080:71c::2","rtt":49.838,"size":96,"ttl":58}]},{"hop":12,"result":[{"from":"2a02:10:0:1::7:2","rtt":48.443,"size":96,"ttl":59},{"from":"2a02:10:0:1::7:2","rtt":48.356,"size":96,"ttl":59},{"from":"2a02:10:0:1::7:2","rtt":48.218,"size":96,"ttl":59}]},{"hop":13,"result":[{"from":"2a02:10:1:1::6:1","rtt":47.838,"size":96,"ttl":60},{"from":"2a02:10:1:1::6:1","rtt":47.996,"size":96,"ttl":60},{"from":"2a02:10:1:1::6:1","rtt":56.719,"size":96,"ttl":60}]},{"hop":14,"result":[{"from":"2a02:10:1:1::6","rtt":38.793,"size":96,"ttl":60},{"from":"2a02:10:1:1::6","rtt":39.46,"size":96,"ttl":60},{"from":"2a02:10:1:1::6","rtt":38.445,"size":96,"ttl":60}]},{"hop":15,"result":[{"x":"*"},{"x":"*"},{"x":"*"}]},{"hop":16,"result":[{"from":"2a02:26f0:7b:48a::102d","rtt":39.269,"size":48,"ttl":54},{"from":"2a02:26f0:7b:48a::102d","rtt":39.263,"size":48,"ttl":54},{"from":"2a02:26f0:7b:48a::102d","rtt":38.971,"size":48,"ttl":54}]}],"size":48,"src_addr":"2a01:e34:ee8c:180:6666:b3ff:fed1:2ad8","stored_timestamp":1512431476,"timestamp":1512431410,"type":"traceroute"}]