[{"af":6,"dst_addr":"2620:109:c007:102::5be1:f881","dst_name":"2620:109:c007:102::5be1:f881","endtime":1512431433,"from":"2001:7f0:1:3237::2","fw":4780,"group_id":10409767,"lts":70,"msm_id":10409767,"msm_name":"Traceroute","paris_id":1,"prb_id":15724,"proto":"ICMP","result":[{"hop":1,"result":[{"from":"2001:7f0:1:3237::1","rtt":0.525,"size":96,"ttl":64},{"from":"2001:7f0:1:3237::1","rtt":0.454,"size":96,"ttl":64},{"from":"2001:7f0:1:3237::1","rtt":0.394,"size":96,"ttl":64}]},{"hop":2,"result":[{"from":"2001:2000:3080:299::1","rtt":0.481,"size":96,"ttl":63},{"from":"2001:2000:3080:299::1","rtt":0.489,"size":96,"ttl":63},{"from":"2001:2000:3080:299::1","rtt":0.459,"size":96,"ttl":63}]},{"hop":3,"result":[{"from":"2001:2000:3080:632::2","rtt":0.732,"size":96,"ttl":62},{"from":"2001:2000:3080:632::2","rtt":0.675,"size":96,"ttl":62},{"from":"2001:2000:3080:632::2","rtt":1.162,"size":96,"ttl":62}]},{"hop":4,"result":[{"from":"2620:109:c000:113::2","rtt":1.474,"size":96,"ttl":252},{"from":"2620:109:c000:113::2","rtt":5.308,"size":96,"ttl":252},{"from":"2620:109:c000:113::2","rtt":1.355,"size":96,"ttl":252}]},{"hop":5,"result":[{"from":"2620:109:c007:102::5be1:f881","rtt":0.639,"size":48,"ttl":60},{"from":"2620:109:c007:102::5be1:f881","rtt":0.678,"size":48,"ttl":60},{"from":"2620:109:c007:102::5be1:f881","rtt":0.801,"size":48,"ttl":60}]}],"size":48,"src_addr":"2001:7f0:1:3237::2","stored_timestamp":1512431445,"timestamp":1512431432,"type":"traceroute"}]