[{"af":6,"dst_addr":"2620:0:862:ed1a::1","dst_name":"2620:0:862:ed1a::1","endtime":1512431445,"from":"2a03:1c00:0:2::2","fw":4780,"group_id":10409776,"lts":36,"msm_id":10409776,"msm_name":"Traceroute","paris_id":1,"prb_id":13964,"proto":"ICMP","result":[{"hop":1,"result":[{"from":"2a03:1c00:0:2::1","rtt":0.665,"size":96,"ttl":64},{"from":"2a03:1c00:0:2::1","rtt":0.57,"size":96,"ttl":64},{"from":"2a03:1c00:0:2::1","rtt":0.542,"size":96,"ttl":64}]},{"hop":2,"result":[{"from":"2a03:1c00:0:1::224","rtt":0.615,"size":96,"ttl":63},{"from":"2a03:1c00:0:1::224","rtt":0.599,"size":96,"ttl":63},{"x":"*"}]},{"hop":3,"result":[{"from":"2001:7f8:73::1b1b:0:1","rtt":13.029,"size":96,"ttl":62},{"from":"2001:7f8:73::1b1b:0:1","rtt":13.704,"size":96,"ttl":62},{"from":"2001:7f8:73::1b1b:0:1","rtt":14.907,"size":96,"ttl":62}]},{"hop":4,"result":[{"from":"2001:470:0:3d7::1","rtt":110.958,"size":96,"ttl":61},{"from":"2001:470:0:3d7::1","rtt":110.947,"size":96,"ttl":61},{"from":"2001:470:0:3d7::1","rtt":110.988,"size":96,"ttl":61}]},{"hop":5,"result":[{"from":"2001:470:0:240::1","rtt":131.995,"size":96,"ttl":60},{"from":"2001:470:0:240::1","rtt":121.001,"size":96,"ttl":60},{"from":"2001:470:0:240::1","rtt":141.866,"size":96,"ttl":60}]},{"hop":6,"result":[{"from":"2001:470:0:349::2","rtt":130.161,"size":96,"ttl":59},{"from":"2001:470:0:349::2","rtt":130.366,"size":96,"ttl":59},{"from":"2001:470:0:349::2","rtt":142.11,"size":96,"ttl":59}]},{"hop":7,"result":[{"from":"2001:7f8:1::a501:4907:1","rtt":131.239,"size":96,"ttl":58},{"from":"2001:7f8:1::a501:4907:1","rtt":131.029,"size":96,"ttl":58},{"from":"2001:7f8:1::a501:4907:1","rtt":131.077,"size":96,"ttl":58}]},{"hop":8,"result":[{"from":"2620:0:862:ed1a::1","rtt":130.777,"size":48,"ttl":57},{"from":"2620:0:862:ed1a::1","rtt":130.877,"size":48,"ttl":57},{"from":"2620:0:862:ed1a::1","rtt":130.981,"size":48,"ttl":57}]}],"size":48,"src_addr":"2a03:1c00:0:2::2","stored_timestamp":1512431499,"timestamp":1512431439,"type":"traceroute"}]