[{"af":6,"dst_addr":"2a03:2880:f206:c4:face:b00c:0:43fe","dst_name":"2a03:2880:f206:c4:face:b00c:0:43fe","endtime":1512431183,"from":"2800:6f0:0:2:d66e:eff:fe23:2b04","fw":4780,"group_id":10409705,"lts":60,"msm_id":10409705,"msm_name":"Traceroute","paris_id":1,"prb_id":33493,"proto":"ICMP","result":[{"hop":1,"result":[{"from":"2800:6f0:0:2::1997","rtt":1.39,"size":96,"ttl":64},{"from":"2800:6f0:0:2::1997","rtt":0.63,"size":96,"ttl":64},{"from":"2800:6f0:0:2::1997","rtt":2.895,"size":96,"ttl":64}]},{"hop":2,"result":[{"from":"2800:6f0::1993","rtt":0.769,"size":96,"ttl":63},{"from":"2800:6f0::1993","rtt":0.738,"size":96,"ttl":63},{"from":"2800:6f0::1993","rtt":0.837,"size":96,"ttl":63}]},{"hop":3,"result":[{"from":"2001:450:2002:2b9::1","rtt":0.588,"size":96,"ttl":62},{"from":"2001:450:2002:2b9::1","rtt":0.517,"size":96,"ttl":62},{"from":"2001:450:2002:2b9::1","rtt":0.494,"size":96,"ttl":62}]},{"hop":4,"result":[{"from":"2001:1900:5:3::131","ittl":0,"rtt":195.576,"size":96,"ttl":61},{"from":"2001:1900:5:3::131","ittl":0,"rtt":195.598,"size":96,"ttl":61},{"from":"2001:1900:5:3::131","ittl":0,"rtt":195.607,"size":96,"ttl":61}]},{"hop":5,"result":[{"from":"2001:1900:5:3::131","rtt":195.614,"size":96,"ttl":61},{"from":"2001:1900:5:3::131","rtt":195.552,"size":96,"ttl":61},{"from":"2001:1900:5:3::131","rtt":195.55,"size":96,"ttl":61}]},{"hop":6,"result":[{"x":"*"},{"x":"*"},{"x":"*"}]},{"hop":7,"result":[{"from":"2001:1900:5:3::3e6","rtt":203.598,"size":96,"ttl":58},{"from":"2001:1900:5:3::3e6","rtt":203.718,"size":96,"ttl":58},{"from":"2001:1900:5:3::3e6","rtt":203.551,"size":96,"ttl":58}]},{"hop":8,"result":[{"from":"2620:0:1cff:dead:beef::1a2e","rtt":203.293,"size":96,"ttl":57},{"from":"2620:0:1cff:dead:beef::1a2e","rtt":203.482,"size":96,"ttl":57},{"from":"2620:0:1cff:dead:beef::1a2e","rtt":203.301,"size":96,"ttl":57}]},{"hop":9,"result":[{"from":"2620:0:1cff:dead:beef::1b0d","rtt":224.57,"size":96,"ttl":56},{"from":"2620:0:1cff:dead:beef::1b0d","rtt":224.571,"size":96,"ttl":56},{"from":"2620:0:1cff:dead:beef::1b0d","rtt":224.555,"size":96,"ttl":56}]},{"hop":10,"result":[{"from":"2a03:2880:f006:ffff::237","rtt":222.56,"size":96,"ttl":55},{"from":"2a03:2880:f006:ffff::237","rtt":222.476,"size":96,"ttl":55},{"from":"2a03:2880:f006:ffff::237","rtt":222.515,"size":96,"ttl":55}]},{"hop":11,"result":[{"from":"2001:1900:2::3:5f","late":15,"rtt":14798.431,"size":96,"ttl":59},{"from":"2a03:2880:f206:c4:face:b00c:0:43fe","rtt":202.839,"size":48,"ttl":54},{"from":"2a03:2880:f206:c4:face:b00c:0:43fe","rtt":202.806,"size":48,"ttl":54},{"from":"2a03:2880:f206:c4:face:b00c:0:43fe","rtt":202.752,"size":48,"ttl":54}]}],"size":48,"src_addr":"2800:6f0:0:2:d66e:eff:fe23:2b04","stored_timestamp":1512431230,"timestamp":1512431167,"type":"traceroute"}]