[{"af":6,"dst_addr":"2a03:2880:f206:c4:face:b00c:0:43fe","dst_name":"2a03:2880:f206:c4:face:b00c:0:43fe","endtime":1512431429,"from":"2001:7f0:1:3237::2","fw":4780,"group_id":10409762,"lts":66,"msm_id":10409762,"msm_name":"Traceroute","paris_id":1,"prb_id":15724,"proto":"ICMP","result":[{"hop":1,"result":[{"from":"2001:7f0:1:3237::1","rtt":3.154,"size":96,"ttl":64},{"from":"2001:7f0:1:3237::1","rtt":0.558,"size":96,"ttl":64},{"from":"2001:7f0:1:3237::1","rtt":0.53,"size":96,"ttl":64}]},{"hop":2,"result":[{"from":"2001:7f0:0:2e::1","rtt":10.431,"size":96,"ttl":63},{"from":"2001:7f0:0:2e::1","rtt":10.472,"size":96,"ttl":63},{"from":"2001:7f0:0:2e::1","rtt":10.367,"size":96,"ttl":63}]},{"hop":3,"result":[{"from":"2001:7f0:0:27::2","rtt":14.878,"size":96,"ttl":62},{"from":"2001:7f0:0:27::2","rtt":14.87,"size":96,"ttl":62},{"from":"2001:7f0:0:27::2","rtt":14.863,"size":96,"ttl":62}]},{"hop":4,"result":[{"from":"2001:7f8:1::a503:2934:1","rtt":15.383,"size":96,"ttl":61},{"from":"2001:7f8:1::a503:2934:1","rtt":15.706,"size":96,"ttl":61},{"from":"2001:7f8:1::a503:2934:1","rtt":15.451,"size":96,"ttl":61}]},{"hop":5,"result":[{"from":"2620:0:1cff:dead:beef::2e0","rtt":15.353,"size":96,"ttl":60},{"from":"2620:0:1cff:dead:beef::2e0","rtt":15.351,"size":96,"ttl":60},{"from":"2620:0:1cff:dead:beef::2e0","rtt":15.349,"size":96,"ttl":60}]},{"hop":6,"result":[{"from":"2620:0:1cff:dead:beef::1ae9","rtt":15.78,"size":96,"ttl":59},{"from":"2620:0:1cff:dead:beef::1ae9","rtt":15.721,"size":96,"ttl":59},{"from":"2620:0:1cff:dead:beef::1ae9","rtt":15.676,"size":96,"ttl":59}]},{"hop":7,"result":[{"from":"2a03:2880:f006:ffff::2bf","rtt":16.281,"size":96,"ttl":58},{"from":"2a03:2880:f006:ffff::2bf","rtt":15.484,"size":96,"ttl":58},{"from":"2a03:2880:f006:ffff::2bf","rtt":15.804,"size":96,"ttl":58}]},{"hop":8,"result":[{"from":"2a03:2880:f206:c4:face:b00c:0:43fe","rtt":15.056,"size":48,"ttl":57},{"from":"2a03:2880:f206:c4:face:b00c:0:43fe","rtt":15.25,"size":48,"ttl":57},{"from":"2a03:2880:f206:c4:face:b00c:0:43fe","rtt":15.148,"size":48,"ttl":57}]}],"size":48,"src_addr":"2001:7f0:1:3237::2","stored_timestamp":1512431445,"timestamp":1512431428,"type":"traceroute"}]