[{"af":6,"dst_addr":"2a03:2880:f206:c4:face:b00c:0:43fe","dst_name":"2a03:2880:f206:c4:face:b00c:0:43fe","endtime":1512431506,"from":"2c0f:feb0:a:1::2","fw":4780,"group_id":10409811,"lts":22,"msm_id":10409811,"msm_name":"Traceroute","paris_id":1,"prb_id":13734,"proto":"ICMP","result":[{"hop":1,"result":[{"from":"2c0f:feb0:a:1::ff7e","rtt":0.974,"size":96,"ttl":64},{"from":"2c0f:feb0:a:1::ff7e","rtt":0.585,"size":96,"ttl":64},{"from":"2c0f:feb0:a:1::ff7e","rtt":0.542,"size":96,"ttl":64}]},{"hop":2,"result":[{"x":"*"},{"from":"2c0f:feb0:a::1:1","rtt":1.667,"size":96,"ttl":63},{"x":"*"}]},{"hop":3,"result":[{"x":"*"},{"x":"*"},{"x":"*"}]},{"hop":4,"result":[{"from":"2c0f:feb0:1:2::f2","rtt":169.457,"size":96,"ttl":61},{"from":"2c0f:feb0:1:2::f2","rtt":169.687,"size":96,"ttl":61},{"from":"2c0f:feb0:1:2::f2","rtt":169.436,"size":96,"ttl":61}]},{"hop":5,"result":[{"from":"2c0f:feb0:1:2::10a","rtt":169.53,"size":96,"ttl":60},{"from":"2c0f:feb0:1:2::10a","rtt":169.555,"size":96,"ttl":60},{"from":"2c0f:feb0:1:2::10a","rtt":169.475,"size":96,"ttl":60}]},{"hop":6,"result":[{"x":"*"},{"x":"*"},{"x":"*"}]},{"hop":7,"result":[{"from":"2620:0:1cff:dead:beef::1a34","rtt":168.47,"size":96,"ttl":55},{"from":"2620:0:1cff:dead:beef::1a34","rtt":168.456,"size":96,"ttl":55},{"from":"2620:0:1cff:dead:beef::1a34","rtt":168.364,"size":96,"ttl":55}]},{"hop":8,"result":[{"from":"2620:0:1cff:dead:beef::1af9","rtt":170.251,"size":96,"ttl":54},{"from":"2620:0:1cff:dead:beef::1af9","rtt":170.172,"size":96,"ttl":54},{"from":"2620:0:1cff:dead:beef::1af9","rtt":170.12,"size":96,"ttl":54}]},{"hop":9,"result":[{"from":"2a03:2880:f006:ffff::255","rtt":168.638,"size":96,"ttl":53},{"from":"2a03:2880:f006:ffff::255","rtt":168.666,"size":96,"ttl":53},{"from":"2a03:2880:f006:ffff::255","rtt":168.686,"size":96,"ttl":53}]},{"hop":10,"result":[{"from":"2a03:2880:f206:c4:face:b00c:0:43fe","rtt":170.274,"size":48,"ttl":52},{"from":"2a03:2880:f206:c4:face:b00c:0:43fe","rtt":170.346,"size":48,"ttl":52},{"from":"2a03:2880:f206:c4:face:b00c:0:43fe","rtt":170.406,"size":48,"ttl":52}]}],"size":48,"src_addr":"2c0f:feb0:a:1::2","stored_timestamp":1512431535,"timestamp":1512431471,"type":"traceroute"}]