[{"af":6,"dst_addr":"2a02:26f0:7b:48a::102d","dst_name":"2a02:26f0:7b:48a::102d","endtime":1512431075,"from":"2c0f:feb0:b:1::8","fw":4780,"group_id":10409539,"lts":4,"msm_id":10409539,"msm_name":"Traceroute","paris_id":1,"prb_id":25355,"proto":"ICMP","result":[{"hop":1,"result":[{"from":"2c0f:feb0:b:1::ff7e","rtt":0.811,"size":96,"ttl":64},{"from":"2c0f:feb0:b:1::ff7e","rtt":0.65,"size":96,"ttl":64},{"from":"2c0f:feb0:b:1::ff7e","rtt":0.64,"size":96,"ttl":64}]},{"hop":2,"result":[{"x":"*"},{"from":"2c0f:feb0:b::1","rtt":1.252,"size":96,"ttl":63},{"x":"*"}]},{"hop":3,"result":[{"x":"*"},{"x":"*"},{"x":"*"}]},{"hop":4,"result":[{"x":"*"},{"x":"*"},{"x":"*"}]},{"hop":5,"result":[{"from":"2c0f:feb0:1:2::35e","rtt":164.278,"size":96,"ttl":60},{"from":"2c0f:feb0:1:2::35e","rtt":164.302,"size":96,"ttl":60},{"from":"2c0f:feb0:1:2::35e","rtt":164.302,"size":96,"ttl":60}]},{"hop":6,"result":[{"from":"2c0f:feb0:1:2::10a","rtt":164.557,"size":96,"ttl":59},{"from":"2c0f:feb0:1:2::10a","rtt":164.502,"size":96,"ttl":59},{"from":"2c0f:feb0:1:2::10a","rtt":164.514,"size":96,"ttl":59}]},{"hop":7,"result":[{"x":"*"},{"x":"*"},{"x":"*"}]},{"hop":8,"result":[{"from":"2a02:26f0:7b:48a::102d","rtt":163.907,"size":48,"ttl":57},{"from":"2a02:26f0:7b:48a::102d","rtt":163.883,"size":48,"ttl":57},{"from":"2a02:26f0:7b:48a::102d","rtt":163.881,"size":48,"ttl":57}]}],"size":48,"src_addr":"2c0f:feb0:b:1::8","stored_timestamp":1512431102,"timestamp":1512431030,"type":"traceroute"}]