[{"af":6,"dst_addr":"2406:da00:ff00::3404:d29c","dst_name":"2406:da00:ff00::3404:d29c","endtime":1512431495,"from":"2001:7f0:1:3237::2","fw":4780,"group_id":10409769,"lts":6,"msm_id":10409769,"msm_name":"Traceroute","paris_id":1,"prb_id":15724,"proto":"ICMP","result":[{"hop":1,"result":[{"from":"2001:7f0:1:3237::1","rtt":0.712,"size":96,"ttl":64},{"from":"2001:7f0:1:3237::1","rtt":0.627,"size":96,"ttl":64},{"from":"2001:7f0:1:3237::1","rtt":0.554,"size":96,"ttl":64}]},{"hop":2,"result":[{"from":"2001:7f0:0:2e::1","rtt":40.276,"size":96,"ttl":63},{"from":"2001:7f0:0:2e::1","rtt":10.329,"size":96,"ttl":63},{"from":"2001:7f0:0:2e::1","rtt":10.426,"size":96,"ttl":63}]},{"hop":3,"result":[{"from":"2001:7f8:4::1b1b:1","rtt":12.893,"size":96,"ttl":62},{"from":"2001:7f8:4::1b1b:1","rtt":38.247,"size":96,"ttl":62},{"from":"2001:7f8:4::1b1b:1","rtt":11.547,"size":96,"ttl":62}]},{"hop":4,"result":[{"from":"2001:470:0:2cf::2","rtt":77.97,"size":96,"ttl":61},{"from":"2001:470:0:2cf::2","rtt":88.134,"size":96,"ttl":61},{"from":"2001:470:0:2cf::2","rtt":77.978,"size":96,"ttl":61}]},{"hop":5,"result":[{"from":"2001:428:601:e::1","rtt":78.1,"size":96,"ttl":57},{"from":"2001:428:601:e::1","rtt":78.116,"size":96,"ttl":57},{"from":"2001:428:601:e::1","rtt":78.082,"size":96,"ttl":57}]},{"hop":6,"result":[{"from":"2001:428::205:171:2:47","rtt":84.693,"size":96,"ttl":59},{"from":"2001:428::205:171:2:47","rtt":84.608,"size":96,"ttl":59},{"from":"2001:428::205:171:2:47","rtt":84.633,"size":96,"ttl":59}]},{"hop":7,"result":[{"from":"2001:428:2402:10:0:11:0:2","rtt":84.766,"size":96,"ttl":58},{"from":"2001:428:2402:10:0:11:0:2","rtt":84.746,"size":96,"ttl":58},{"from":"2001:428:2402:10:0:11:0:2","rtt":84.711,"size":96,"ttl":58}]},{"hop":8,"result":[{"x":"*"},{"x":"*"},{"x":"*"}]},{"hop":9,"result":[{"x":"*"},{"x":"*"},{"x":"*"}]},{"hop":10,"result":[{"x":"*"},{"x":"*"},{"x":"*"}]},{"hop":11,"result":[{"x":"*"},{"x":"*"},{"x":"*"}]},{"hop":12,"result":[{"x":"*"},{"x":"*"},{"x":"*"}]},{"hop":255,"result":[{"from":"2406:da00:ff00::3404:d29c","rtt":87.425,"size":48,"ttl":48},{"from":"2406:da00:ff00::3404:d29c","rtt":87.482,"size":48,"ttl":48},{"from":"2406:da00:ff00::3404:d29c","rtt":87.423,"size":48,"ttl":48}]}],"size":48,"src_addr":"2001:7f0:1:3237::2","stored_timestamp":1512431504,"timestamp":1512431433,"type":"traceroute"}]